scene,sarcasm,implicit_emotion,explicit_emotion,sentence,v_audio,a_audio,v_text,a_text,div_euclidean,div_v_signed,div_a_signed,div_v_abs,div_a_abs
1_10009,0,Happiness,Happiness,"Let the dead man talk. So, why do you think that?",0.6475165486335754,0.7942030429840088,0.5344193385584691,0.5019292898385693,0.3133926063334839,0.11309721007510631,0.29227375314543946,0.11309721007510631,0.29227375314543946
1_1001,0,Excitement,Excitement,"What else? Sell it on eBay as ""slightly used.""",0.571686863899231,0.6910407543182373,0.5102857704732813,0.4408605122190491,0.2576048287798787,0.06140109342594968,0.2501802420991882,0.06140109342594968,0.2501802420991882
1_105,1,Disgust,Neutral,I'm just inferring this is a couch because the evidence suggests the coffee table is having a tiny garage sale.,0.620890736579895,0.8643413782119751,0.5124199213356653,0.37216569896436946,0.5039869214598627,0.10847081524422975,0.49217567924760564,0.10847081524422975,0.49217567924760564
1_10810,0,Neutral,Neutral,I'll give you a plan right now. Step one: open comic book store. Step two: start rumor this comic book store gives you genital warts.,0.7707436680793762,0.6928087472915649,0.5260768820786451,0.3709077409988717,0.40432919017080143,0.2446667860007311,0.32190100629269325,0.2446667860007311,0.32190100629269325
1_10853,0,Sadness,Sadness,"Okay, sit down. Listen, Emily, what happened between me and Raj was a long time ago. It was,",0.5262654423713684,0.6210645437240601,0.5357653089943831,0.3983275567903259,0.22293948240312558,-0.009499866623014719,0.22273698693373417,0.009499866623014719,0.22273698693373417
1_10977,0,Sadness,Sadness,Let's not talk about this in front of our friends.,0.5519286394119263,0.6718360185623169,0.39569991148710776,0.4358864101161422,0.28298345031982014,0.1562287279248185,0.23594960844617469,0.1562287279248185,0.23594960844617469
1_11120,0,Neutral,Neutral,"Next time I might be in a rush, it's good to have a few in the bank.",0.7097285389900208,0.7216286659240723,0.7749107675328136,0.593828998981367,0.14346246125196405,-0.06518222854279287,0.12779966694270528,0.06518222854279287,0.12779966694270528
1_11236,0,Anger,Anger,"Oh, you're hardly out of the woods, no. You still run the risk of infection, a blood clot, the possibility that an inattentive surgeon let a barn spider lay eggs in your nose.",0.48983779549598694,0.8202005624771118,0.4161406224073341,0.4316394999657052,0.3954882711551027,0.07369717308865281,0.3885610625114066,0.07369717308865281,0.3885610625114066
1_11253,0,Happiness,Happiness,"So as they say, all good things must come to an end.",0.7048282623291016,0.7871694564819336,0.5650459042224344,0.43456361645686586,0.379301972124644,0.13978235810666717,0.35260584002506773,0.13978235810666717,0.35260584002506773
1_11439,1,Disgust,Neutral,"No, you're right, we should do what you do. Have our mom send us pants from the Walmart in Houston.",0.6902539730072021,0.7511402368545532,0.6880886923356808,0.43959929405591736,0.3115484673052483,0.00216528067152133,0.31154094279863587,0.00216528067152133,0.31154094279863587
1_11529,0,Neutral,Neutral,"And how difficult it is to do when she's bloated, cranky and crampy?",0.35357150435447693,0.670390248298645,0.4296219909007124,0.48234917433372343,0.20283767401989272,-0.07605048654623547,0.1880410739649216,0.07605048654623547,0.1880410739649216
1_11723,0,Sadness,Sadness,"Not much, but he seemed to be in a pretty good place.",0.48128005862236023,0.6360194087028503,0.761999440316779,0.5276757141630029,0.30090152443189877,-0.2807193816944188,0.10834369453984749,0.2807193816944188,0.10834369453984749
1_11736,0,Sadness,Sadness,"I don't know, perhaps somebody took it off the carousel by mistake?",0.24497239291667938,0.6166784763336182,0.42814098902324316,0.533506866892196,0.20116722202368348,-0.18316859610656377,0.08317160944142221,0.18316859610656377,0.08317160944142221
1_1180,1,Frustration,Sadness,"Oh, please. The only way she could make a contribution to science would be if they resumed sending chimps into space.",0.5969210267066956,0.7720416784286499,0.5465041306164409,0.40046642667710663,0.3749800409696472,0.05041689609025468,0.37157525175154327,0.05041689609025468,0.37157525175154327
1_1185,0,Happiness,Happiness,I think tonight was a very good start.,0.9076569676399231,0.7143281102180481,0.7808329608693663,0.5325569864712786,0.2216417607796456,0.12682400677055683,0.18177112374676951,0.12682400677055683,0.18177112374676951
1_11889,0,Happiness,Happiness,"Yeah, we just want to have the kind of dinner that we've all had here so many times before.",0.843616247177124,0.6912530660629272,0.6741738254918943,0.5870332692249639,0.19892837987452058,0.16944242168522972,0.10421979683796334,0.16944242168522972,0.10421979683796334
1_11913,1,Ridicule,Sadness,It's why my people wandered the desert for 40 years. Took that long to walk it off.,0.45580095052719116,0.5906744003295898,0.5698673875424892,0.4436126813536728,0.18611367827625286,-0.11406643701529806,0.14706171897591702,0.11406643701529806,0.14706171897591702
1_12202,1,Sadness,Neutral,"No need to. As soon as she flies into California airspace, I'll feel a disturbance in the Force.",0.6105605363845825,0.7309933304786682,0.49315135404049326,0.3898721105216621,0.36076114369990536,0.11740918234408926,0.3411212199570061,0.11740918234408926,0.3411212199570061
1_12320,0,Fear,Fear,"Oh, yes, we've got the moon and the trees and... Elizabeth McNulty, who apparently died when she was the same age I am.",0.7311704158782959,0.6987115144729614,0.61867157899287,0.4838098937009312,0.24256688749913738,0.11249883688542595,0.21490162077203023,0.11249883688542595,0.21490162077203023
1_12331,0,Surprise,Surprise,"Wow, there's a Denny's in Vegas you can actually get married in.",0.530805230140686,0.7048998475074768,0.7241081628754656,0.7431278897786281,0.1970467127859576,-0.1933029327347796,-0.038228042271151286,0.1933029327347796,0.038228042271151286
1_1262,0,Neutral,Neutral,You were very clear. As was everyone else at the table.,0.6238540410995483,0.5545037388801575,0.6747965359657552,0.4316083548825802,0.13303538322982153,-0.05094249486620683,0.12289538399757727,0.05094249486620683,0.12289538399757727
1_1466,1,Ridicule,Neutral,"Maybe when I publish it, I'll include an inhaler.",0.6764916181564331,0.5489445924758911,0.5338975983807493,0.4127890062536831,0.1971583072946743,0.14259401977568376,0.13615558622220802,0.14259401977568376,0.13615558622220802
1_1470,0,Sadness,Sadness,I don't know. It just died. I'm getting a bunch of static.,0.21401597559452057,0.5585291981697083,0.3010948409801115,0.4409013403977016,0.14635245717401976,-0.08707886538559095,0.11762785777200663,0.08707886538559095,0.11762785777200663
1_1484,0,Anger,Anger,The big deal is that nobody touches food on my plate.,0.27085983753204346,0.7471326589584351,0.4892135362689796,0.3768907706027752,0.4298341466720223,-0.21835369873693616,0.37024188835565985,0.21835369873693616,0.37024188835565985
1_1549,1,Disgust,Neutral,On a dusty highway just outside Bakersfield. Where do you think? On Mars!,0.573530912399292,0.7501866817474365,0.5224142196951663,0.4788931571907502,0.2760671888135158,0.051116692704125666,0.2712935245566863,0.051116692704125666,0.2712935245566863
1_1560,1,Disgust,Happiness,How nice. Maybe they can carpool when they visit you in federal prison.,0.6455876231193542,0.688961386680603,0.7495118828490326,0.5153771614952056,0.20231592866993048,-0.10392425972967834,0.1735842251853974,0.10392425972967834,0.1735842251853974
1_1638,1,Frustration,Neutral,The blunt instrument that will be the focus of my murder trial?,0.49344637989997864,0.6525614261627197,0.5252317344979682,0.4897313955053513,0.16590336841305992,-0.03178535459798959,0.16283003065736845,0.03178535459798959,0.16283003065736845
1_1666,0,Frustration,Frustration,Would it work if I just punched you in the face?,0.499885231256485,0.7174033522605896,0.5179856018396071,0.5057424522890055,0.2124334248465323,-0.018100370583122083,0.2116608999715841,0.018100370583122083,0.2116608999715841
1_1722,0,Neutral,Neutral,My aunt Marion gave them to me for my 12th birthday.,0.6116020679473877,0.49051856994628906,0.7560973342995835,0.6514457810451832,0.2162786380349665,-0.14449526635219578,-0.16092721109889419,0.14449526635219578,0.16092721109889419
1_1798,1,Anger,Sadness,"If you don't like this stuff, let's go next door and build her a bear.",0.5032966136932373,0.7958719730377197,0.5049382552755763,0.37288237899964227,0.4229927796683797,-0.0016416415823390373,0.42298959403807745,0.0016416415823390373,0.42298959403807745
1_1803,1,Sadness,Neutral,"- Maybe I heard you wrong. A lot of words sound like ""yoga.""",0.6013123989105225,0.6450408101081848,0.4532092431874685,0.5056555281070874,0.20337846880545796,0.14810315572305394,0.13938528200109745,0.14810315572305394,0.13938528200109745
1_182,1,Disgust,Happiness,No. The dark crescent-shaped patterns under your arms conceal it nicely.,0.667579174041748,0.7560434341430664,0.45167204625841784,0.4052215617135095,0.4119367354371634,0.2159071277833302,0.3508218724295569,0.2159071277833302,0.3508218724295569
1_1973,1,Frustration,Happiness,I hope I'm a waitress at the Cheesecake Factory for my whole life.,0.9561272859573364,0.7990792989730835,0.7519977545373516,0.5580695300943005,0.315839475513665,0.2041295314199848,0.241009768878783,0.2041295314199848,0.241009768878783
1_2198,1,Anger,Neutral,"Assuming I can keep up this pace, three hours, 11 minutes. Plus however long it takes to conclude this fairly pointless conversation.",0.6745363473892212,0.771838903427124,0.4430083869059839,0.469668257071165,0.38067347688630154,0.23152796048323732,0.302170646355959,0.23152796048323732,0.302170646355959
1_2216,0,Surprise,Surprise,"Excuse me, but what about me? Why don't I get a shot?",0.25082147121429443,0.9046850204467773,0.5277258734076737,0.49713645749502183,0.4927188641792739,-0.2769044021933793,0.4075485629517555,0.2769044021933793,0.4075485629517555
1_2354,1,Frustration,Neutral,"So? Do cocaine smugglers write ""cocaine"" on the box?",0.7545287609100342,0.7053087949752808,0.5146201573208506,0.4948232562389395,0.3191556048281775,0.23990860358918353,0.21048553873634124,0.23990860358918353,0.21048553873634124
1_2464,1,Frustration,Happiness,"You think ""coffee,"" means coffee. That is so sweet.",0.7278206944465637,0.5700540542602539,0.7991377777708972,0.5364869535166782,0.07882180298762069,-0.07131708332433351,0.03356710074357572,0.07131708332433351,0.03356710074357572
1_2575,0,Surprise,Surprise,"You don't really believe in that superstition, do you?",0.2559345066547394,0.640764594078064,0.4506003908978544,0.5024295917256693,0.23881243553046166,-0.19466588424311504,0.1383350023523947,0.19466588424311504,0.1383350023523947
1_2614,1,Frustration,Neutral,Hardly a day goes by when I don't think about it.,0.612647294998169,0.6602863073348999,0.46680463133719946,0.3926787747494695,0.3047685581555106,0.14584266366096948,0.2676075325854304,0.14584266366096948,0.2676075325854304
1_2616,1,Frustration,Excitement,"Sure, maybe a tableau of me trying to pummel you to death.",0.5717558860778809,0.7961018681526184,0.498405777542581,0.4049107679559035,0.39800843621116444,0.07335010853529988,0.39119110019671494,0.07335010853529988,0.39119110019671494
1_2669,0,Surprise,Surprise,What did you mean when you said you were going to miss me?,0.2927587926387787,0.5180839896202087,0.4493462822373428,0.4686180821583755,0.16421485285991358,-0.1565874895985641,0.049465907461833214,0.1565874895985641,0.049465907461833214
1_2778,1,Disgust,Neutral,"Ooh, big talk from a man who was once treed by a chicken.",0.7930974960327148,0.7718683481216431,0.553121487475072,0.4464800917872564,0.40430929007826477,0.2399760085576429,0.32538825633438667,0.2399760085576429,0.32538825633438667
1_2792,0,Neutral,Neutral,"No, I mean, we can always go back to being friends.",0.6319258213043213,0.6714005470275879,0.6522900244114918,0.4267901764496231,0.24545658304979184,-0.020364203107170464,0.2446103705779648,0.020364203107170464,0.2446103705779648
1_2797,1,Anger,Neutral,It's an iCal download. She can put it right in her phone.,0.6320052742958069,0.7564870119094849,0.5107898124773155,0.3623584123853175,0.41234759747905847,0.12121546181849141,0.39412859952416734,0.12121546181849141,0.39412859952416734
1_2830,0,Sadness,Sadness,"No, I'm behind on my Wiki-reading. I'm kind of on a John Grisham kick right now.",0.8272988200187683,0.8240659236907959,0.34007895772933483,0.4430865968683276,0.6184888371469898,0.4872198622894335,0.3809793268224683,0.4872198622894335,0.3809793268224683
1_3069,0,Frustration,Frustration,Seems like an awful lot of trouble to go through for intercourse.,0.5326194763183594,0.5952476263046265,0.3632505471009682,0.476872321284604,0.20663626744313066,0.16936892921739116,0.11837530502002247,0.16936892921739116,0.11837530502002247
1_3177,0,Happiness,Happiness,"Not a great movie, but look at that beautiful desert.",0.7775399684906006,0.740848183631897,0.7401715215287554,0.5387094694776285,0.20556376282866898,0.03736844696184516,0.20213871415426843,0.03736844696184516,0.20213871415426843
1_3256,1,Disgust,Happiness,"I'm sorry, fiddling with yourself in the bathtub is a real class act.",0.6285947561264038,0.6385089755058289,0.26017862709004874,0.4345292910534701,0.42111537113173164,0.36841612903635507,0.20397968445235876,0.36841612903635507,0.20397968445235876
1_3348,0,Happiness,Happiness,"Raj, you should've seen Leonard's experiment. The interference pattern was so cool when the electron beam was on.",0.7360953092575073,0.6737176179885864,0.5398774315119994,0.3773705245651743,0.3554195483192443,0.19621787774550792,0.29634709342341214,0.19621787774550792,0.29634709342341214
1_3371,0,Disgust,Disgust,"I was going to ask Leonard to do it, but he seemed a bit emotionally unstable and you don't want someone like that operating heavy machinery.",0.47390565276145935,0.48335909843444824,0.36939378306409193,0.43436407396688287,0.11542635457388765,0.10451186969736742,0.04899502446756537,0.10451186969736742,0.04899502446756537
1_3419,1,Disgust,Neutral,"Oh, we don't need to talk about that anymore. Leonard covered it pretty well in the car.",0.5149868726730347,0.6107064485549927,0.3741802059668159,0.46431712126219704,0.20311659837185492,0.14080666670621877,0.14638932729279563,0.14080666670621877,0.14638932729279563
1_3649,0,Neutral,Neutral,"Oh, no, no, I said I'm inviting you to come with me to Stan Lee's house.",0.8263397216796875,0.7740086317062378,0.32652831089181994,0.4848112499457256,0.5774483283990819,0.49981141078786756,0.2891973817605122,0.49981141078786756,0.2891973817605122
1_3766,1,Frustration,Neutral,Can we please talk about something else? Maybe something vaguely related to life as we know it on this planet?,0.6132910251617432,0.6535606384277344,0.5591201032568146,0.5044408305507442,0.15865435979291692,0.05417092190492856,0.1491198078769902,0.05417092190492856,0.1491198078769902
1_3842,0,Surprise,Surprise,"So what, you're just gonna walk up and down the stairs?",0.5157034993171692,0.7743324041366577,0.5098251850175273,0.47144640826356876,0.30294303272238865,0.005878314299641918,0.30288599587308895,0.005878314299641918,0.30288599587308895
1_4286,0,Disgust,Disgust,"All right, all right. He can buy his own desk.",0.20629547536373138,0.8651893138885498,0.661639973320211,0.4247140869473693,0.6335274558913156,-0.4553444979564796,0.4404752269411805,0.4553444979564796,0.4404752269411805
1_430,0,Excitement,Excitement,"I've got some feelers out. In the meantime, listen to this.",0.8631459474563599,0.785039484500885,0.5165179505422002,0.3650506892186576,0.5445562931482285,0.3466279969141597,0.41998879528222743,0.3466279969141597,0.41998879528222743
1_4352,0,Sadness,Sadness,He does it all the time. He's a cornucopia of social awkwardness.,0.7000172734260559,0.7117225527763367,0.3571278187060528,0.4878398826224529,0.4095077876590551,0.3428894547200031,0.22388267015388374,0.3428894547200031,0.22388267015388374
1_4639,0,Happiness,Happiness,"Well, I'm just glad you finally found yourself a keeper.",0.7305346727371216,0.7368724942207336,0.8312813628806907,0.6500991837293073,0.13296429215592356,-0.10074669014356907,0.08677331049142634,0.10074669014356907,0.08677331049142634
1_4743,1,Disgust,Happiness,"Oh, and the science dudes want to talk science with you. What do you want to talk about-- rocks, dinosaurs, our friend the beaver?",0.9033198356628418,0.7959831953048706,0.5390059196454805,0.45652895779148234,0.49794960464860377,0.3643139160173613,0.33945423751338827,0.3643139160173613,0.33945423751338827
1_4789,1,Ridicule,Surprise,"I don't know. Somebody bigger and... Yeah, sure. Why not you?",0.6315462589263916,0.6951711177825928,0.5017180807086143,0.5089925440083264,0.22697536692770623,0.12982817821777726,0.1861785737742664,0.12982817821777726,0.1861785737742664
1_5134,1,Disgust,Happiness,"Oh, yeah, yeah. It's real great. Today I drove to Van Nuys for an audition I thought was going to be for a cat food commercial. Turned out to be porn.",0.9571899771690369,0.7356805801391602,0.6710475414449909,0.5327482850582008,0.35079767660136424,0.28614243572404596,0.20293229508095934,0.28614243572404596,0.20293229508095934
1_5169,0,Excitement,Excitement,I'm not saying that you're not fun. You're the most fun person I know.,0.5020734667778015,0.7930624485015869,0.7840639551211247,0.6321460578598931,0.32467325158265825,-0.2819904883433232,0.16091639064169383,0.2819904883433232,0.16091639064169383
1_5211,1,Disgust,Neutral,"Saying that while holding a snowflake is a bit heavy-handed, don't you think?",0.6089373826980591,0.7266188859939575,0.4828532688559655,0.486746695172827,0.2709905380131839,0.12608411384209356,0.23987219082113054,0.12608411384209356,0.23987219082113054
1_5617,1,Disgust,Happiness,Thanks for clearing that up,0.7636166214942932,0.7456430196762085,0.784972222635758,0.45455334375974227,0.29187199441753003,-0.02135560114146484,0.29108967591646623,0.02135560114146484,0.29108967591646623
1_5627,1,Disgust,Happiness,"Your girlfriend and your ex-girlfriend are hanging out together? Oh, yeah, that can only be good for you.",0.7716761231422424,0.6938484311103821,0.6959488615570352,0.46887213005860096,0.23737934657871154,0.07572726158520726,0.22497630105178112,0.07572726158520726,0.22497630105178112
1_5919,0,Frustration,Frustration,"Because you don't have a girlfriend? Well, good Lord, if that becomes a reason not to play Dungeons & Dragons, this game's in serious trouble.",0.5836527347564697,0.7423136234283447,0.30447259434875396,0.5287016371207436,0.35152756860927803,0.27918014040771577,0.21361198630760114,0.27918014040771577,0.21361198630760114
1_5953,0,Happiness,Happiness,Here's some other fun news on the Raj/Emily front. He gave her a pair of diamond earrings and leased her a car.,0.7640295624732971,0.6198785901069641,0.819788067982838,0.6777005358190965,0.08032675981635438,-0.05575850550954087,-0.057821945712132394,0.05575850550954087,0.057821945712132394
1_5964,1,Disgust,Happiness,Smart. Whisper so the deaf chick can't hear you.,0.4815768301486969,0.7407859563827515,0.6458973529063806,0.4628598301194202,0.32286865109375296,-0.16432052275768372,0.27792612626333124,0.16432052275768372,0.27792612626333124
1_6032,1,Disgust,Excitement,"You see betrayal in others, but not yourself.",0.5714484453201294,0.551335871219635,0.41761940129037034,0.42044505565779783,0.2019796533949705,0.15382904402975905,0.13089081556183718,0.15382904402975905,0.13089081556183718
1_6092,0,Neutral,Neutral,"We don't say that, either. I'll make you a list. Oh, that would be mighty white of you.",0.6854859590530396,0.7976928949356079,0.5239227870928623,0.40687831344670405,0.42289324378403215,0.16156317196017722,0.39081458148890386,0.16156317196017722,0.39081458148890386
1_6113,0,Surprise,Surprise,"So, this spring, I get to go to the International Space Station. Oh, my word, a trip to the heavens.",0.7525829672813416,0.7024553418159485,0.7731293985384817,0.6931588765530797,0.022551720639190975,-0.020546431257140174,0.009296465262868758,0.020546431257140174,0.009296465262868758
1_6188,1,Disgust,Surprise,"Oh, my God, that's where I know you from.",0.7642320990562439,0.7632128000259399,0.590084327050051,0.6407664310336989,0.2128862601815932,0.1741477720061929,0.12244636899224104,0.1741477720061929,0.12244636899224104
1_6428,1,Ridicule,Neutral,Sure. You want to see what all the scientists are wearing this year.,0.8137400150299072,0.721448540687561,0.5499949589150589,0.41110670633667695,0.40727571591404277,0.26374505611484833,0.3103418343508841,0.26374505611484833,0.3103418343508841
1_6472,1,Disgust,Neutral,You'd think a winner could make a decent cup of cocoa.,0.8663815855979919,0.7571841478347778,0.5096071296218269,0.36986923780798775,0.5265936307686878,0.3567744559761651,0.3873149100267901,0.3567744559761651,0.3873149100267901
1_6534,0,Excitement,Excitement,"No, but maybe she wants a man with a pocket watch.",0.7285521030426025,0.7014721632003784,0.4317145487233281,0.4385825324394709,0.396514175806937,0.29683755431927444,0.26288963076090754,0.29683755431927444,0.26288963076090754
1_6645,0,Anger,Anger,"Well, that wady took high-wes pictures of my junk wast night for Cwaigswist.",0.7560437321662903,0.7372117042541504,0.4998312256031907,0.3700927960886853,0.44768419812625676,0.2562125065630996,0.3671189081654651,0.2562125065630996,0.3671189081654651
1_672,0,Sadness,Sadness,Do you think Penny will come here and take care of us?,0.5272378921508789,0.6463816165924072,0.5768811579383136,0.48200219171338454,0.17171211128397482,-0.04964326578743472,0.16437942487902268,0.04964326578743472,0.16437942487902268
1_70,1,Disgust,Happiness,I don't think I'll be able to stop thinking about it.,0.45920923352241516,0.6241937875747681,0.5770545198809856,0.523336351515653,0.1551120044527564,-0.11784528635857039,0.10085743605911501,0.11784528635857039,0.10085743605911501
1_7357,1,Frustration,Neutral,I'm starting to get a sense of it.,0.859068751335144,0.8196718692779541,0.5513629723132459,0.4230922177016531,0.5019544466262387,0.3077057790218981,0.396579651576301,0.3077057790218981,0.396579651576301
1_7400,0,Excitement,Excitement,"Of course, it is... it's been in the news. And it's a very famous boson.",0.8888918161392212,0.7779171466827393,0.701285306235514,0.4674607371261067,0.36273872800273943,0.1876065099037072,0.31045640955663256,0.1876065099037072,0.31045640955663256
1_7494,0,Disgust,Disgust,that sounds a little funny to an American ear.,0.7465840578079224,0.6702123880386353,0.8360250608984452,0.6898763918912842,0.09157710456962433,-0.08944100309052283,-0.019664003852648992,0.08944100309052283,0.019664003852648992
1_7575,1,Anger,Excitement,"You're right, the party's fantastic. Please, tell me more. I haven't heard enough about it all week because hearing about that never gets old!",0.5195741653442383,0.8547412753105164,0.7547561348556764,0.5223977705567036,0.40713973514670193,-0.2351819695114381,0.3323435047538128,0.2351819695114381,0.3323435047538128
1_7894,0,Excitement,Excitement,I did. The guy at the liquor store said this stuff tastes great in coffee.,0.7155650854110718,0.8310402631759644,0.7664140735554765,0.5226920660407937,0.3125127681740698,-0.05084898814440475,0.3083481971351707,0.05084898814440475,0.3083481971351707
1_8078,0,Frustration,Frustration,"Trust me, you're not Jewish. That's how they get you.",0.5060869455337524,0.8135413527488708,0.4866157391563869,0.39413374973194676,0.41985933995350366,0.019471206377365546,0.4194076030169241,0.019471206377365546,0.4194076030169241
1_8417,0,Sadness,Sadness,"Oh, I think we were looking at creepy in the rearview mirror when I put up that camera.",0.7783375978469849,0.7103843688964844,0.2799126994071443,0.6827743279381461,0.49918903608401344,0.49842489843984056,0.0276100409583383,0.49842489843984056,0.0276100409583383
1_8505,0,Anger,Anger,"A lane frequented by liars. Like you, you big liar!",0.4921721816062927,0.8361501097679138,0.21929152777506816,0.706452953506379,0.302134413097359,0.27288065383122456,0.12969715626153477,0.27288065383122456,0.12969715626153477
1_8746,1,Frustration,Sadness,"I enjoyed it. When you told me I was going to be ""losing my virginity,"" I didn't think you meant showing me "" Raiders of the Lost Ark "" for the first time.",0.7600754499435425,0.7623981237411499,0.8061944126211756,0.6771017125948281,0.0969661614838047,-0.04611896267763316,0.0852964111463218,0.04611896267763316,0.0852964111463218
1_9594,0,Sadness,Sadness,I can't believe we wasted all that time on our Hulk costumes.,0.5889840722084045,0.768967866897583,0.525835934461067,0.6749359253878228,0.11326823616995052,0.06314813774733752,0.09403194150976024,0.06314813774733752,0.09403194150976024
1_9971,1,Disgust,Happiness,I was gonna say we pick up a cake or a pie. But an insult to her faith is always thoughtful.,0.5029974579811096,0.5669950246810913,0.5184457117754179,0.4046660565156235,0.1630623882167768,-0.015448253794308253,0.16232896816546782,0.015448253794308253,0.16232896816546782
1_S09E01_027,1,Ridicule,Excitement,Whatever. Put us on the Internet. I've always wanted a wedding with a comment section.,0.6237337589263916,0.6209221482276917,0.6481144017343601,0.5830389289941809,0.045050572063226754,-0.024380642807968478,0.03788321923351079,0.024380642807968478,0.03788321923351079
1_S09E01_379,0,Happiness,Happiness,Oh. That's so sweet of you.,0.7168185710906982,0.464286208152771,0.797309434569791,0.5519955941099678,0.11904501454743266,-0.08049086347909273,-0.0877093859571968,0.08049086347909273,0.0877093859571968
1_S09E01_403,0,Frustration,Frustration,That's ridiculous.,0.15519030392169952,0.6172762513160706,0.45495319939834766,0.6457795672722852,0.30111498223277383,-0.29976289547664814,-0.028503315956214692,0.29976289547664814,0.028503315956214692
1_S09E02_064,0,Frustration,Frustration,Because we're broken up.,0.20987673103809357,0.7284000515937805,0.20798640037932528,0.34408897670757493,0.38431572389142526,0.0018903306587682855,0.3843110748862056,0.0018903306587682855,0.3843110748862056
1_S09E03_135,0,Surprise,Surprise,You guys still aren't living together?,0.48149463534355164,0.6966066360473633,0.5033916778731083,0.48230641979500183,0.215416023446145,-0.02189704252955671,0.21430021625236145,0.02189704252955671,0.21430021625236145
1_S09E03_170,0,Neutral,Neutral,"I've done it, like, a dozen times.",0.4671442210674286,0.7625077366828918,0.5912580903689828,0.41720332640603824,0.3669324029159171,-0.12411386930155421,0.3453044102768536,0.12411386930155421,0.3453044102768536
1_S09E03_233,0,Fear,Fear,How long do you think you can keep it from him?,0.5420920848846436,0.6428746581077576,0.5282950976415239,0.48602677284494733,0.15745353590314348,0.013796987243119618,0.15684788526281024,0.013796987243119618,0.15684788526281024
1_S09E04_088,0,Excitement,Excitement,"Well, it could be fun to try a little acoustic thing.",0.7785396575927734,0.5241549015045166,0.8452721696877721,0.6933024633730211,0.18183543619594258,-0.06673251209499864,-0.16914756186850455,0.06673251209499864,0.16914756186850455
1_S09E04_351,0,Neutral,Neutral,I still love it. I just think there's room for improvement.,0.849673867225647,0.7714639902114868,0.818099022872841,0.5431330419300139,0.23050378031394755,0.031574844352806,0.22833094828147293,0.031574844352806,0.22833094828147293
1_S09E05_291,0,Sadness,Neutral,I've been told it's a good way to move on.,0.6317232847213745,0.4811193346977234,0.7163994519004995,0.4590251076096442,0.0875111887633046,-0.08467616717912496,0.022094227088079177,0.08467616717912496,0.022094227088079177
1_S09E08_255,1,Frustration,Excitement,"No, pinch me!",0.7755012512207031,0.7967385649681091,0.4646139774246491,0.40101242035921797,0.503239583633243,0.310887273796054,0.39572614460889116,0.310887273796054,0.39572614460889116
1_S09E10_208,1,Frustration,Happiness,Nobody knows. That's why he's number one.,0.6112297773361206,0.6039965748786926,0.5607101727036375,0.38977470916865453,0.2200982467002225,0.05051960463248306,0.2142218657100381,0.05051960463248306,0.2142218657100381
1_S09E20_127,1,Frustration,Surprise,I'm surprised he let us conceive without him.,0.7144091129302979,0.6420526504516602,0.5607437500786296,0.7045996255191547,0.16590710602752562,0.1536653628516682,-0.06254697506749451,0.1536653628516682,0.06254697506749451
1_S09E20_179,1,Ridicule,Neutral,No. You'll wish it would kill you.,0.20814825594425201,0.7338980436325073,0.4248950129624,0.428850319906839,0.3742101955159637,-0.216746757018148,0.30504772372566835,0.216746757018148,0.30504772372566835
1_S09E20_354,1,Disgust,Neutral,"No, I do, and that's why I hid it.",0.3913591206073761,0.5567351579666138,0.5025794749033802,0.39504954278644,0.1962452683911638,-0.11122035429600408,0.16168561518017377,0.11122035429600408,0.16168561518017377
1_S09E21_024,1,Ridicule,Neutral,You mean like through their window from behind a bush?,0.5675281286239624,0.605880856513977,0.49723107824462687,0.46592743038646695,0.15661620853814354,0.07029705037933554,0.1399534261275101,0.07029705037933554,0.1399534261275101
1_S09E22_075,1,Ridicule,Neutral,Funny how that worked out.,0.6558511853218079,0.737426221370697,0.8351684683358004,0.6891761597481864,0.18569533228946916,-0.17931728301399252,0.048250061622510665,0.17931728301399252,0.048250061622510665
1_S09E23_102,1,Frustration,Surprise,Wow. (clears throat) Didn't even make it out of the parking lot.,0.45225170254707336,0.7488725185394287,0.5743391294274387,0.7061780673685368,0.1293373726463168,-0.12208742688036534,0.04269445117089188,0.12208742688036534,0.04269445117089188
1_S09E24_014,1,Ridicule,Surprise,Did she think you were choking or...,0.6799483895301819,0.7364351749420166,0.4937892356642372,0.44259769371529806,0.3478443559147491,0.18615915386594467,0.29383748122671854,0.18615915386594467,0.29383748122671854
1_S10E01_075,1,Ridicule,Neutral,It was nice of her to show us playing dumb with an example.,0.6239384412765503,0.6990386843681335,0.609981443096344,0.46763742064750236,0.23182179071370188,0.013956998180206348,0.2314012637206312,0.013956998180206348,0.2314012637206312
1_S10E01_474,1,Ridicule,Surprise,Is he? I never noticed.,0.5586065649986267,0.6315488815307617,0.5182670988555077,0.5225632267142915,0.11621164091641875,0.04033946614311901,0.10898565481647027,0.04033946614311901,0.10898565481647027
1_S10E02_372,0,Neutral,Neutral,Would you stop? We're just gonna be on the other side of campus.,0.7537206411361694,0.7259171605110168,0.5239755754258971,0.42197670705393553,0.3810020924692062,0.2297450657102723,0.3039404534570813,0.2297450657102723,0.3039404534570813
1_S10E03_144,1,Frustration,Happiness,"Oh, I was gonna start at the end. Thank God you're here.",0.8427618741989136,0.808218240737915,0.7793414504175049,0.4574590395677368,0.35644658415834907,0.06342042378140866,0.3507592011701782,0.06342042378140866,0.3507592011701782
1_S10E03_224,0,Frustration,Frustration,My head hurts and I'm more tired than ever.,0.5788131952285767,0.6989037394523621,0.20950283166190928,0.34137051147330444,0.5140234953257183,0.36931036356666735,0.3575332279790576,0.36931036356666735,0.3575332279790576
1_S10E04_021,0,Neutral,Neutral,"And we live with Sheldon, so the word ""inconvenience"" has really lost all meaning.",0.48946791887283325,0.6737499237060547,0.31133440354433206,0.42184711432412253,0.3085232157517476,0.1781335153285012,0.25190280938193216,0.1781335153285012,0.25190280938193216
1_S10E04_057,0,Fear,Neutral,Don't try luring me in with sexy talk.,0.4990426003932953,0.7025907039642334,0.33393816995578834,0.5098412888091499,0.2537948186876956,0.16510443043750694,0.19274941515508348,0.16510443043750694,0.19274941515508348
1_S10E04_158,0,Neutral,Neutral,I'm trying to think of an answer,0.28590673208236694,0.5482017993927002,0.5077542962399731,0.3948564678875501,0.2696871009467965,-0.2218475641576062,0.15334533150515012,0.2218475641576062,0.15334533150515012
1_S10E04_262,0,Neutral,Neutral,What if we do this?,0.5559276938438416,0.7006352543830872,0.5378236692712383,0.5102377464621414,0.191256285460719,0.018104024572603294,0.19039750792094579,0.018104024572603294,0.19039750792094579
1_S10E04_343,0,Frustration,Frustration,"Well, now I don't know if I want to know!",0.6169825792312622,0.8890154957771301,0.39719395319239686,0.5340692553328532,0.4174851778705187,0.21978862603886534,0.3549462404442769,0.21978862603886534,0.3549462404442769
1_S10E04_398,0,Frustration,Frustration,"Well, I didn't, and it's your fault.",0.6822803020477295,0.6949729919433594,0.3125708654563634,0.5043865320229126,0.41594262369912677,0.36970943659136607,0.19058645992044676,0.36970943659136607,0.19058645992044676
1_S10E04_403,0,Anger,Anger,The kind who almost put a pillow over your face last night.,0.5998339653015137,0.7341490387916565,0.4712547611090371,0.3950030166452737,0.3627018556452191,0.1285792041924766,0.3391460221463828,0.1285792041924766,0.3391460221463828
1_S10E05_110,0,Anger,Anger,The only thing I hate more than you right now is that book!,0.3062196671962738,0.9669021964073181,0.20499680386810443,0.7222591824180203,0.26475700624180093,0.10122286332816938,0.24464301398929778,0.10122286332816938,0.24464301398929778
1_S10E05_288,1,Disgust,Sadness,"I'm in a hot tub with you, so pretty bad.",0.5715515613555908,0.8393020033836365,0.23551189054705862,0.5262939932303764,0.4592348797480545,0.3360396708085322,0.3130080101532601,0.3360396708085322,0.3130080101532601
1_S10E06_003,0,Sadness,Neutral,I got asked to sign autographs there.,0.5135352611541748,0.5527186393737793,0.5792566642954555,0.4246336148412332,0.14396206562967093,-0.06572140314128072,0.1280850245325461,0.06572140314128072,0.1280850245325461
1_S10E07_140,1,Ridicule,Surprise,"Oh my God, that's who you look like.",0.6788386702537537,0.905988335609436,0.6020837471040581,0.7004717111936103,0.21938186146304633,0.07675492314969556,0.20551662441582574,0.07675492314969556,0.20551662441582574
1_S10E07_247,0,Happiness,Happiness,"Uh, she's enjoyed living with you. It's called being in love.",0.720326840877533,0.6888217926025391,0.8616096989101757,0.6480548956290378,0.14704688321321177,-0.14128285803264273,0.04076689697350122,0.14128285803264273,0.04076689697350122
1_S10E09_021,1,Anger,Happiness,"Oh, good, maybe he can build a nicer bridge to live under.",0.8969480991363525,0.7646212577819824,0.7757391035834346,0.5353260894551879,0.259360549854754,0.12120899555291798,0.22929516832679453,0.12120899555291798,0.22929516832679453
1_S10E09_324,0,Frustration,Frustration,I think I hate all of you nerds.,0.26519161462783813,0.8726258277893066,0.20667479109799122,0.7292529646322149,0.15485475945506294,0.05851682352984691,0.14337286315709175,0.05851682352984691,0.14337286315709175
1_S10E10_269,1,Anger,Neutral,"Oh, yeah, I read about that on WhoGivesACrap.com",0.5178483128547668,0.675766110420227,0.6029247534473099,0.4206258732566131,0.2689508158823871,-0.08507644059254305,0.25514023716361395,0.08507644059254305,0.25514023716361395
1_S10E14_032,1,Ridicule,Neutral,"So, normal. Yeah--",0.6528141498565674,0.8278813362121582,0.6626109525329695,0.4315826592887829,0.3964197506102567,-0.00979680267640215,0.3962986769233753,0.00979680267640215,0.3962986769233753
1_S10E16_009,1,Ridicule,Surprise,"Aw, look at you watching sports.",0.8214874267578125,0.6805838942527771,0.5644830015677372,0.4970687446091547,0.3157991208284186,0.25700442519007527,0.18351514964362242,0.25700442519007527,0.18351514964362242
1_S10E17_287,1,Disgust,Happiness,"Yeah, that's working out great for me.",0.7198538780212402,0.8320041298866272,0.780947799758728,0.5356439256598282,0.3025918669141923,-0.06109392173748773,0.296360204226799,0.06109392173748773,0.296360204226799
1_S10E18_266,1,Ridicule,Surprise,Do you actually pay for that haircut?,0.4058651924133301,0.627408504486084,0.5395350389760006,0.5022383859887849,0.18312614899220642,-0.13366984656267056,0.1251701184972991,0.13366984656267056,0.1251701184972991
1_S10E18_423,1,Ridicule,Neutral,More reasons for you to stay.,0.7355928421020508,0.6865799427032471,0.5025737851898282,0.36276523588777726,0.3989409044385525,0.23301905691222258,0.3238147068154698,0.23301905691222258,0.3238147068154698
1_S11E01_100,0,Disgust,Neutral,"Okay, you can stop leading with that part of the story.",0.7115150690078735,0.825874388217926,0.5814639519638598,0.3953423409850648,0.44974563559740566,0.13005111704401373,0.4305320472328612,0.13005111704401373,0.4305320472328612
1_S11E02_030,1,Disgust,Surprise,Really? You?,0.3815291225910187,0.6963706016540527,0.5423361907715876,0.5287769542831686,0.23226395289821963,-0.1608070681805689,0.1675936473708841,0.1608070681805689,0.1675936473708841
1_S11E03_006,0,Neutral,Neutral,I thought we agreed on June 15.,0.7163723707199097,0.6688934564590454,0.5643858978377305,0.4519890916373465,0.26485352823375796,0.15198647288217915,0.2169043648216989,0.15198647288217915,0.2169043648216989
1_S11E03_220,0,Neutral,Neutral,"Honey, that's you.",0.605599045753479,0.7811150550842285,0.5610106136612729,0.4077548733130833,0.3760132359487148,0.04458843209220609,0.3733601817711452,0.04458843209220609,0.3733601817711452
1_S11E03_321,0,Neutral,Neutral,What's to worry about?,0.37482622265815735,0.5209100246429443,0.5060100746552572,0.528934571802931,0.131429054557658,-0.1311838519970998,-0.008024547159986684,0.1311838519970998,0.008024547159986684
1_S11E04_016,0,Neutral,Neutral,"Well, it's a boy.",0.23588773608207703,0.5373712778091431,0.5488459936481923,0.42181958329318725,0.33360915018075826,-0.3129582575661153,0.11555169451595582,0.3129582575661153,0.11555169451595582
1_S11E04_137,0,Happiness,Happiness,"""Daddy's little girl""?",0.6822339296340942,0.6833081245422363,0.5122681195126507,0.4135216830546433,0.3188621969139287,0.16996581012144352,0.269786441487593,0.16996581012144352,0.269786441487593
1_S11E04_162,0,Neutral,Neutral,It's more of a tradition.,0.37074390053749084,0.4849606156349182,0.6049053493054622,0.4141842538251485,0.2446239511579819,-0.2341614487679714,0.0707763618097697,0.2341614487679714,0.0707763618097697
1_S11E04_298,0,Neutral,Neutral,"No, I'm fine.",0.41829976439476013,0.5007749795913696,0.694576887479598,0.4469207510542167,0.2814770446614902,-0.2762771230848379,0.05385422853715294,0.2762771230848379,0.05385422853715294
1_S11E05_005,0,Happiness,Happiness,"Yeah, which is why it's okay.",0.6719627380371094,0.722025990486145,0.7138983609713855,0.45021662417293795,0.27502532262770457,-0.04193562293427611,0.27180936631320707,0.04193562293427611,0.27180936631320707
1_S11E05_060,0,Disgust,Neutral,Wha... No!,0.532996654510498,0.864707350730896,0.3620848584567932,0.46197724934204876,0.4374955732290035,0.17091179605370482,0.40273010138884724,0.17091179605370482,0.40273010138884724
1_S11E05_193,1,Ridicule,Neutral,I thought his work wife was standing in my kitchen.,0.7018581628799438,0.7925156354904175,0.5088219150648777,0.38498437057426405,0.45093760638771263,0.19303624781506612,0.40753126491615344,0.19303624781506612,0.40753126491615344
1_S11E05_370,0,Fear,Fear,"Leonard, what are you doing?",0.5260874032974243,0.7357797622680664,0.5346529727894938,0.46567099279543334,0.2702445491156917,-0.008565569492069436,0.27010876947263307,0.008565569492069436,0.27010876947263307
1_S11E05_402,0,Surprise,Surprise,"Oh, my God, you're still here?",0.7588434219360352,0.8458738923072815,0.5600732951037417,0.6500889194668942,0.2790005715245709,0.19877012683229345,0.19578497284038732,0.19877012683229345,0.19578497284038732
1_S11E06_060,0,Neutral,Neutral,Gift shop.,0.6729283332824707,0.6313818693161011,0.5018368404721986,0.3641222139539015,0.31733266818335787,0.17109149281027214,0.2672596553621996,0.17109149281027214,0.2672596553621996
1_S11E07_153,0,Fear,Fear,"Just a minute, I want to make sure Leonard can't hear us.",0.4119834005832672,0.4874188303947449,0.5726821263184739,0.48771670823294044,0.16069900181434132,-0.16069872573520672,-0.00029787783819557045,0.16069872573520672,0.00029787783819557045
1_S11E07_161,1,Ridicule,Sadness,I don't know. Poor Bert?,0.36805710196495056,0.7567980885505676,0.42735532267633075,0.5323461145345028,0.23215289707269177,-0.05929822071138019,0.22445197401606487,0.05929822071138019,0.22445197401606487
1_S11E07_220,0,Frustration,Frustration,I should get a haircut; this thing's going south fast.,0.6410989761352539,0.6992338299751282,0.5383171157232892,0.45927203596013266,0.2610474543385546,0.10278186041196469,0.2399617940149955,0.10278186041196469,0.2399617940149955
1_S11E07_381,0,Neutral,Neutral,Bert asked for my help.,0.41513627767562866,0.6547454595565796,0.5047510048306877,0.36229327055549987,0.30587429145745304,-0.08961472715505903,0.2924521890010797,0.08961472715505903,0.2924521890010797
1_S11E07_415,0,Excitement,Excitement,Give him a chance. He's gonna get this.,0.7548415660858154,0.8263669013977051,0.7092589769523355,0.4711758971076665,0.35810392620114884,0.0455825891334799,0.3551910042900386,0.0455825891334799,0.3551910042900386
1_S11E08_283,0,Anger,Anger,Get to the point! Oh.,0.49764934182167053,0.913630485534668,0.49540716680629343,0.3723127220768749,0.5413224070586278,0.0022421750153771014,0.541317763457793,0.0022421750153771014,0.541317763457793
1_S11E08_428,0,Neutral,Neutral,"Well, that doesn't help at all.",0.6753097772598267,0.6806827187538147,0.2958116971015794,0.4957201083678422,0.422172903067675,0.37949808015824726,0.1849626103859725,0.37949808015824726,0.1849626103859725
1_S11E10_062,0,Neutral,Neutral,Why not hexadecimal?,0.4863419830799103,0.6388180255889893,0.49580215415146617,0.4893384996212929,0.14977858164714444,-0.00946017107155589,0.14947952596769637,0.00946017107155589,0.14947952596769637
1_S11E10_143,0,Neutral,Neutral,Stop apologizing!,0.3353024423122406,0.7251827120780945,0.2933475465055398,0.5840079602073586,0.1472770309583778,0.04195489580670081,0.14117475187073592,0.04195489580670081,0.14117475187073592
1_S11E10_228,1,Ridicule,Sadness,"while we're apart, can I see other needy Indian men?",0.4568152129650116,0.7180966138839722,0.5474262285674982,0.48687408739561444,0.24834293407337638,-0.09061101560248663,0.23122252648835773,0.09061101560248663,0.23122252648835773
1_S11E11_077,0,Neutral,Neutral,I don't know.,0.20667320489883423,0.40736281871795654,0.4234297345594627,0.5185346696111748,0.24360331192646553,-0.21675652966062847,-0.11117185089321824,0.21675652966062847,0.11117185089321824
1_S11E11_182,0,Happiness,Happiness,"Oh, fun. Can I help?",0.9672555923461914,0.873237133026123,0.7712610112876384,0.6550252985486167,0.2933091892702245,0.19599458105855305,0.21821183447750636,0.19599458105855305,0.21821183447750636
1_S11E11_217,0,Excitement,Excitement,"Great, 'cause it's tomorrow, and I need you to plan it.",0.7824563980102539,0.7095380425453186,0.7728924827133464,0.5412113692273908,0.16859815368528452,0.009563915296907477,0.16832667331792783,0.009563915296907477,0.16832667331792783
1_S11E11_343,0,Neutral,Neutral,"Oh, grow up.",0.4381750822067261,0.7811546325683594,0.49707463134107116,0.42061713332961437,0.36531691070296374,-0.058899549134345086,0.360537499238745,0.058899549134345086,0.360537499238745
1_S11E12_237,0,Neutral,Neutral,Why can't Amy drive you?,0.18469859659671783,0.6069560050964355,0.503870476366,0.4634592630155261,0.34994571553784193,-0.3191718797692822,0.14349674208090946,0.3191718797692822,0.14349674208090946
1_S11E12_279,0,Neutral,Neutral,"Yeah, did Sheldon send it to you?",0.9269738793373108,0.7612351179122925,0.5403259087564886,0.46392021525800403,0.48774255965068025,0.38664797058082223,0.29731490265428845,0.38664797058082223,0.29731490265428845
1_S11E19_143,1,Ridicule,Neutral,The drone or your stupid robot show,0.2617291212081909,0.583478569984436,0.3196348824309408,0.5744937400870762,0.05859867192241317,-0.057905761222749874,0.008984829897359825,0.057905761222749874,0.008984829897359825
1_S11E20_143,1,Ridicule,Neutral,"Oh, just about who you're marrying.",0.6160528063774109,0.6503320336341858,0.5055541650424983,0.363100445336763,0.3077530423126989,0.1104986413349126,0.2872315882974228,0.1104986413349126,0.2872315882974228
1_S11E21_080,1,Ridicule,Neutral,Is it your teen years?,0.6809036731719971,0.6127341985702515,0.5250891941988258,0.4965362557656206,0.19437107235828352,0.15581447897317124,0.11619794280463086,0.15581447897317124,0.11619794280463086
1_S11E22_149,1,Frustration,Excitement,"If there's someone more relentless than you, I'd like to meet them.",0.32676663994789124,0.4250337481498718,0.6597048405381299,0.5882591437178669,0.37079694601033936,-0.3329382005902387,-0.1632253955679951,0.3329382005902387,0.1632253955679951
1_S11E22_260,1,Ridicule,Neutral,Step one is flunk out of art school.,0.7324799299240112,0.6966894865036011,0.49042051855471863,0.3675944501078966,0.4085294378777844,0.2420594113692926,0.3290950363957045,0.2420594113692926,0.3290950363957045
1_S11E24_338,1,Anger,Excitement,"Oh, science? Shocking!",0.19007807970046997,0.9864656925201416,0.5783454707471252,0.6720835464921368,0.49958753056031135,-0.3882673910466552,0.31438214602800485,0.3882673910466552,0.31438214602800485
1_S12E01_274,0,Frustration,Frustration,Just let it go.,0.3932183086872101,0.6394686102867126,0.511608535014175,0.36711007544702506,0.29697713243576734,-0.11839022632696494,0.2723585348396876,0.11839022632696494,0.2723585348396876
1_S12E01_325,0,Disgust,Disgust,You called him Mike Tyson's little sister.,0.6146074533462524,0.5748172998428345,0.5097055473726547,0.3636247316855277,0.23581075192147663,0.10490190597359772,0.21119256815730675,0.10490190597359772,0.21119256815730675
1_S12E02_006,0,Neutral,Neutral,"I told you, I'm not okay with it.",0.7816452980041504,0.7961631417274475,0.378110933254367,0.48275773529364924,0.5109431791461214,0.4035343647497834,0.3134054064337983,0.4035343647497834,0.3134054064337983
1_S12E02_118,1,Ridicule,Sadness,Is she into you or does she just hate her parents?,0.6821566820144653,0.773116946220398,0.4983902449075083,0.5077719301023605,0.32276629468652196,0.18376643710695706,0.2653450161180374,0.18376643710695706,0.2653450161180374
1_S12E02_262,1,Frustration,Excitement,Riveting.,0.6134852766990662,0.7000972032546997,0.5036478836323715,0.3622109253335952,0.3552905708333187,0.10983739306669471,0.3378862779211045,0.10983739306669471,0.3378862779211045
1_S12E02_274,1,Sadness,Excitement,"Or you can ask me, the geologist who won the MacArthur Genius Grant.",0.648137092590332,0.5815289616584778,0.5032844643627794,0.36385711195725734,0.2614637987499996,0.14485262822755263,0.21767184970122044,0.14485262822755263,0.21767184970122044
1_S12E02_471,1,Ridicule,Neutral,"Yeah, I'm in the mood for orange chicken.",0.6526510715484619,0.6998863816261292,0.6636801681460037,0.4794819495537206,0.22068020901050203,-0.01102909659754181,0.22040443207240856,0.01102909659754181,0.22040443207240856
1_S12E03_118,1,Ridicule,Neutral,"Well, I did take care of Sheldon for 15 years, and he only bite me once",0.44997385144233704,0.536449670791626,0.4907623625262006,0.3927113499813734,0.14941354525540698,-0.040788511083863555,0.14373832081025256,0.040788511083863555,0.14373832081025256
1_S12E03_174,0,Sadness,Sadness,I get that.,0.49732768535614014,0.4044237732887268,0.7005304651668568,0.4426930793324885,0.2067750214795629,-0.20320277981071666,-0.03826930604376172,0.20320277981071666,0.03826930604376172
1_S12E04_003,1,Ridicule,Surprise,"Wait, I'm still in them, right?",0.8440830707550049,0.7547616362571716,0.5117435636191611,0.5099472782761956,0.4127755054226608,0.3323395071358438,0.24481435798097606,0.3323395071358438,0.24481435798097606
1_S12E04_233,0,Disgust,Disgust,How did I betray you?,0.3303190767765045,0.6522718667984009,0.451046374181453,0.5296565868508212,0.17207436536371773,-0.12072729740494847,0.1226152799475797,0.12072729740494847,0.1226152799475797
1_S12E04_249,0,Excitement,Excitement,"You know, I was curious to find out what Tam had done wrong.",0.547188401222229,0.7119810581207275,0.5882618450945906,0.543171125121319,0.1737349166713497,-0.04107344387236156,0.1688099329994085,0.04107344387236156,0.1688099329994085
1_S12E05_110,1,Frustration,Neutral,Yeah. I already got a man for that.,0.8420593738555908,0.7651963233947754,0.6366171128210436,0.4152771428353807,0.40577081652374325,0.2054422610345472,0.3499191805593947,0.2054422610345472,0.3499191805593947
1_S12E06_088,1,Ridicule,Neutral,Maybe he's cranky because he's off his bathroom schedule.,0.7001374959945679,0.7643949389457703,0.47268448366120497,0.3808263108593181,0.44593695212624396,0.2274530123333629,0.38356862808645215,0.2274530123333629,0.38356862808645215
1_S12E06_287,0,Sadness,Sadness,It was. And I'm sorry about earlier.,0.3374616503715515,0.47855281829833984,0.2523833543489279,0.428977464563494,0.0984684322615541,0.08507829602262362,0.04957535373484584,0.08507829602262362,0.04957535373484584
1_S12E06_316,1,Ridicule,Surprise,"Hmm. Look at you, improving on perfection. How so?",0.7664036750793457,0.7066996097564697,0.6168012554400624,0.5016669590354635,0.2538095187805421,0.14960241963928333,0.20503265072100618,0.14960241963928333,0.20503265072100618
1_S12E06_367,0,Neutral,Neutral,"What do you want, Sheldon?",0.6612894535064697,0.7590563297271729,0.5269124787986625,0.45683976790101494,0.3307446470823777,0.13437697470780718,0.3022165618261579,0.13437697470780718,0.3022165618261579
1_S12E06_412,1,Ridicule,Neutral,That's what you said about the butterfly pavilion at the zoo.,0.7125317454338074,0.6595977544784546,0.5104525922926104,0.3681929750354865,0.35461631324075915,0.20207915314119695,0.2914047794429681,0.20207915314119695,0.2914047794429681
1_S12E07_005,0,Happiness,Happiness,"I'm gonna hook up the garden hose, so it has running water.",0.4877817928791046,0.607040286064148,0.5131430809899935,0.36531304495348155,0.2430540146338212,-0.02536128811088889,0.2417272411106664,0.02536128811088889,0.2417272411106664
1_S12E07_179,0,Neutral,Neutral,"Yeah, sure. You slept with your husband.",0.5409337878227234,0.623112678527832,0.6432179301817667,0.42312595848947165,0.22462576426097375,-0.10228414235904326,0.19998672003836038,0.10228414235904326,0.19998672003836038
1_S12E08_023,1,Sadness,Happiness,"Yeah. And my mom loves Penny, which is weird, because I never knew she could love.",0.7351195812225342,0.7115470170974731,0.735718553470386,0.5445471602052134,0.16700093104467686,-0.0005989722478517701,0.1669998568922597,0.0005989722478517701,0.1669998568922597
1_S12E08_071,0,Neutral,Neutral,It doesn't have to be tonight.,0.33738455176353455,0.5908872485160828,0.37013543603119786,0.44482756358333436,0.1496865123615605,-0.032750884267663316,0.1460596849327484,0.032750884267663316,0.1460596849327484
1_S12E08_098,1,Frustration,Neutral,"Yeah, you're gonna need to show your work on that.",0.7527137994766235,0.7231032848358154,0.545811270598456,0.3780580188438898,0.40232436172772296,0.2069025288781675,0.34504526599192564,0.2069025288781675,0.34504526599192564
1_S12E08_445,1,Frustration,Happiness,(chuckles) Couldn't think of a single reason not to.,0.73065185546875,0.7476487755775452,0.5534973620586234,0.42576385345747864,0.3674147760006936,0.17715449341012657,0.32188492212006653,0.17715449341012657,0.32188492212006653
1_S12E09_090,1,Frustration,Neutral,You mean the last two minutes or the last 20 years?,0.438650518655777,0.5877164602279663,0.48515628332170535,0.4796343268361983,0.11766279660826803,-0.04650576466592837,0.10808213339176803,0.04650576466592837,0.10808213339176803
1_S12E09_175,0,Excitement,Excitement,"All right, great, can we go?",0.8339365720748901,0.883760929107666,0.7080465143578165,0.5407841152909485,0.3653510660281087,0.12589005771707362,0.3429768138167175,0.12589005771707362,0.3429768138167175
1_S12E10_076,0,Surprise,Neutral,You or the steak?,0.7627964019775391,0.7949224710464478,0.5046371398548821,0.45052655065959896,0.4304123076758138,0.25815926212265694,0.3443959203868488,0.25815926212265694,0.3443959203868488
1_S12E11_072,1,Disgust,Neutral,"No offense, worker bees.",0.6270412802696228,0.6199895143508911,0.4308741022789568,0.4468191622424936,0.2616668350597149,0.19616717799066602,0.17317035210839754,0.19616717799066602,0.17317035210839754
1_S12E11_216,1,Ridicule,Neutral,Maybe she doesn't have tip money?,0.4067119061946869,0.7404642701148987,0.47131329491914997,0.4548327556982432,0.2928458663752678,-0.06460138872446308,0.28563151441665546,0.06460138872446308,0.28563151441665546
1_S12E15_013,1,Disgust,Excitement,"Yeah, and we don't find it weird at all.",0.5266505479812622,0.6748711466789246,0.5934661960788042,0.4379866452679559,0.24612719849585457,-0.06681564809754204,0.23688450141096867,0.06681564809754204,0.23688450141096867
1_S12E15_273,1,Disgust,Neutral,"I told you, if we left pizza on the counter,",0.4967960715293884,0.6468511819839478,0.4985911442627236,0.3710932451194933,0.2757637794016074,-0.001795072733335179,0.27575793686445443,0.001795072733335179,0.27575793686445443
1_S12E18_159,1,Ridicule,Happiness,"Honey, remember, she's my child, too.",0.6713086366653442,0.6915260553359985,0.557881192475143,0.4071585834202896,0.306154608293347,0.11342744419020123,0.28436747191570894,0.11342744419020123,0.28436747191570894
1_S12E18_290,1,Ridicule,Neutral,But the time machine thing is probably more likely.,0.725715696811676,0.6803535223007202,0.5202003963827456,0.4192981436255891,0.3322445627028524,0.2055153004289304,0.2610553786751311,0.2055153004289304,0.2610553786751311
1_S12E19_143,1,Disgust,Surprise,Numb your brain with alcohol and watch a reality show where wealthy people pick fake arguments with each other?,0.6325390338897705,0.7331036329269409,0.5039571469487731,0.39726679024672373,0.3596104650183645,0.12858188694099737,0.3358368426802172,0.12858188694099737,0.3358368426802172
1_S12E21_285,1,Ridicule,Surprise,You sure you're not thinking about your husband?,0.6233316659927368,0.721434473991394,0.4921902075781131,0.48307361844793795,0.27205510392294213,0.1311414584146237,0.2383608555434561,0.1311414584146237,0.2383608555434561
1_S12E22_211,1,Ridicule,Neutral,"So, you're an Indian giver?",0.6748831272125244,0.5753213167190552,0.5387867776198096,0.5097823436202434,0.15105486873089924,0.13609634959271477,0.06553897309881174,0.13609634959271477,0.06553897309881174
1_S12E23_576,1,Frustration,Happiness,Welcome to my life.,0.9278876781463623,0.8169461488723755,0.8060920922433283,0.5933346828558792,0.25462963786548887,0.12179558590303396,0.22361146601649629,0.12179558590303396,0.22361146601649629
2_1,0,Neutral,Neutral,"Yes you can. You're thinking about time, you can't go back in time.",0.659878671169281,0.7015756964683533,0.5886278743281356,0.41376609303639184,0.296497966060749,0.07125079684114544,0.28780960343196144,0.07125079684114544,0.28780960343196144
2_103,1,Frustration,Excitement,"No, this is just part of a daredevil game that I play called wait until last moment before I burst and die",0.6427410244941711,0.7150774598121643,0.4556166519250297,0.439194493473512,0.3333570787087156,0.18712437256914144,0.2758829663386523,0.18712437256914144,0.2758829663386523
2_105,1,Ridicule,Neutral,Why? You never look down in the shower?  Oh please I am allowed one joke in the monkey is penis genre.,0.744141161441803,0.7445627450942993,0.5924059144100878,0.5185215907248882,0.27224655858326574,0.15173524703171515,0.22604115436941108,0.15173524703171515,0.22604115436941108
2_11,1,Frustration,Neutral,His cappucino maker.,0.8702799677848816,0.8348830938339233,0.501911185445537,0.36266005387435235,0.5989074713766978,0.36836878233934456,0.472223039959571,0.36836878233934456,0.472223039959571
2_111,0,Surprise,Surprise,What was that?!,0.4800538122653961,0.9041598439216614,0.5216727077207054,0.5127580673569206,0.39360828644345786,-0.04161889545530928,0.39140177656474073,0.04161889545530928,0.39140177656474073
2_115,1,Ridicule,Sadness,"I am sorry, we donÕt have your sheep.",0.5849123001098633,0.6629666686058044,0.2275266019772239,0.4082640357248746,0.4388598505516673,0.3573856981326394,0.25470263288092987,0.3573856981326394,0.25470263288092987
2_12,0,Happiness,Happiness,I studied for a year in Barcelona.,0.630505383014679,0.5848860144615173,0.5280585209831158,0.37558910737813805,0.23302479450647057,0.10244686203156317,0.20929690708337928,0.10244686203156317,0.20929690708337928
2_120,1,Frustration,Happiness,"You know some might find it amusing, I myself find it regular.",0.7861043214797974,0.7625946998596191,0.8112224634790794,0.6475928119176644,0.11771302089280532,-0.025118141999282084,0.11500188794195476,0.025118141999282084,0.11500188794195476
2_121,1,Anger,Neutral,What was I doing? My ben gazara in person?,0.5389351844787598,0.6652870178222656,0.4998648081646875,0.5009982043867127,0.1688706858083579,0.039070376314072286,0.1642888134355529,0.039070376314072286,0.1642888134355529
2_123,1,Ridicule,Sadness,Nooo!,0.560637891292572,0.758382260799408,0.33910166441332745,0.46818422411786403,0.36509341313383736,0.22153622687924457,0.2901980366815439,0.22153622687924457,0.2901980366815439
2_124,1,Ridicule,Sadness,I am so confused as to what we have been doing so far.,0.6733134388923645,0.6701503992080688,0.4352655179260924,0.5414899328806415,0.27059255028909346,0.2380479209662721,0.12866046632742734,0.2380479209662721,0.12866046632742734
2_126,1,Anger,Neutral,No I am upset because Joe Piscapo didn't get the lead role in rain man.,0.2868447005748749,0.7683157920837402,0.23412892856477968,0.4123417430189497,0.3598561882560896,0.0527157720100952,0.3559740490647905,0.0527157720100952,0.3559740490647905
2_129,1,Anger,Surprise,What are these? Claws?,0.7872782349586487,0.7352469563484192,0.5002218527594338,0.4891444123912409,0.37811086826947543,0.2870563821992149,0.2461025439571783,0.2870563821992149,0.2461025439571783
2_131,0,Sadness,Sadness,I really don't wanna sit with Allen Iverson over there .,0.6989728808403015,0.7806316614151001,0.31505311822981996,0.49467531599803355,0.47871224718736116,0.38391976261048155,0.28595634541706655,0.38391976261048155,0.28595634541706655
2_134,0,Sadness,Sadness,Paper cut!,0.705653727054596,0.8717236518859863,0.5014906112479434,0.364905419127209,0.5463948196246107,0.20416311580665258,0.5068182327587774,0.20416311580665258,0.5068182327587774
2_140,1,Ridicule,Sadness,Sarcastic? Us? Nooo.,0.5944055318832397,0.8256005048751831,0.3659924244144812,0.47975645109634757,0.41446430147566715,0.22841310746875854,0.34584405377883554,0.22841310746875854,0.34584405377883554
2_144,1,Frustration,Neutral,Lords of Arabia,0.7772475481033325,0.6698005199432373,0.5032048405587314,0.3681746729631252,0.4075261428728785,0.27404270754460114,0.3016258469801121,0.27404270754460114,0.3016258469801121
2_149,0,Neutral,Neutral,Thank you.,0.6499955058097839,0.6126841306686401,0.7837424933532074,0.45522317022135,0.20659673458678807,-0.1337469875434235,0.15746096044729013,0.1337469875434235,0.15746096044729013
2_170,1,Ridicule,Neutral,The British are coming?,0.5784876942634583,0.6022429466247559,0.5123531289723063,0.4754311002536952,0.14302106525364408,0.06613456529115191,0.12681184637106063,0.06613456529115191,0.12681184637106063
2_172,1,Frustration,Excitement,The whole thing! Can we go?,0.520815908908844,0.8843182325363159,0.5442943599447888,0.47313642508827275,0.4118515708835975,-0.023478451035944814,0.41118180744804317,0.023478451035944814,0.41118180744804317
2_173,0,Sadness,Sadness,We- we had our first fight this morning.,0.43814775347709656,0.44328248500823975,0.6513403920689693,0.5513444764690318,0.23901567971210003,-0.21319263859187276,-0.1080619914607921,0.21319263859187276,0.1080619914607921
2_176,0,Fear,Happiness,I'm the ruptured spleen.,0.7308387756347656,0.678497314453125,0.501882697418102,0.36373588393032935,0.38922441328507607,0.22895607821666364,0.31476143052279565,0.22895607821666364,0.31476143052279565
2_177,1,Ridicule,Excitement,I can show you an ID if you want?,0.9076175689697266,0.703843355178833,0.5322982314469494,0.4188716071614358,0.47124675307807395,0.37531933752277713,0.2849717480173972,0.37531933752277713,0.2849717480173972
2_180,0,Happiness,Happiness,That oughta do it.,0.7858170866966248,0.8732556104660034,0.6321633865827125,0.41593990137723497,0.4824387187385141,0.15365370011391222,0.45731570908876845,0.15365370011391222,0.45731570908876845
2_182,1,Frustration,Neutral,The liberarche marquee at Caesar's palace,0.8766849040985107,0.8817113637924194,0.5082515369400344,0.37170049995871124,0.6291694741992319,0.3684333671584763,0.5100108638337082,0.3684333671584763,0.5100108638337082
2_191,0,Surprise,Surprise,"So, you're just Bing?",0.708504319190979,0.6933279633522034,0.5043973475000489,0.4815324780248596,0.2941376947925703,0.20410697169093006,0.21179548532734377,0.20410697169093006,0.21179548532734377
2_194,0,Happiness,Happiness,"And it came out, ""Squatternut buash?""",0.7262624502182007,0.6745468378067017,0.5091257384314724,0.3901934361536827,0.3577781556176898,0.21713671178672833,0.284353401653019,0.21713671178672833,0.284353401653019
2_2,1,Ridicule,Happiness,"ThatÕs a good one too Pheebs, now all that I have to do is find a plane load of people whose resolution is to plummet to their deaths",0.7729052901268005,0.7923436760902405,0.7114500614031165,0.5011508887652847,0.2976070975759101,0.06145522872368403,0.2911927873249558,0.06145522872368403,0.2911927873249558
2_20,0,Sadness,Sadness,My duties?  All right.,0.8462640047073364,0.796421468257904,0.6359166234814839,0.4549280014352559,0.401078307405331,0.2103473812258525,0.34149346682264814,0.2103473812258525,0.34149346682264814
2_202,0,Neutral,Neutral,Yeah?,0.5666766166687012,0.3550102710723877,0.5193428637739781,0.46538049613687926,0.12009192622272835,0.04733375289472308,-0.11037022506449157,0.04733375289472308,0.11037022506449157
2_204,1,Anger,Happiness,"Oh Oh, I am convinced!",0.6582690477371216,0.8704607486724854,0.6871910214102148,0.48990884904947535,0.381649353291511,-0.028921973673093238,0.38055189962301,0.028921973673093238,0.38055189962301
2_209,1,Ridicule,Surprise,Really?,0.6044983863830566,0.6947499513626099,0.543997805765482,0.5434309197321734,0.1629655472443077,0.060500580617574684,0.15131903163043647,0.060500580617574684,0.15131903163043647
2_213,0,Neutral,Neutral,"Wait, wait, Chandler, this is what you're havin' for Thanksgiving dinner?",0.6887739300727844,0.7240619659423828,0.6049477233673451,0.5541485926482267,0.18946605858259224,0.08382620670543928,0.16991337329415612,0.08382620670543928,0.16991337329415612
2_222,1,Frustration,Neutral,"The little man who lives in there, who turns the light on and off will tell you.",0.5369072556495667,0.7338716983795166,0.508131365119069,0.3633076383918167,0.37167966642041483,0.028775890530497672,0.3705640599876999,0.028775890530497672,0.3705640599876999
2_227,1,Frustration,Neutral,You sure he is going to be able to crack that code?,0.7113529443740845,0.7448054552078247,0.5213992391995657,0.47448336648795947,0.33038831964734877,0.18995370517451882,0.27032208871986524,0.18995370517451882,0.27032208871986524
2_235,0,Happiness,Happiness,You can't make this stuff up!,0.7391940355300903,0.7808002233505249,0.3359004502996274,0.48549115994506853,0.49985313724878083,0.40329358523046294,0.2953090634054564,0.40329358523046294,0.2953090634054564
2_236,1,Disgust,Sadness,"Gee, if only she were one and had no idea what a birthday was.",0.6225779056549072,0.7771623134613037,0.4796882908482813,0.41439885089018996,0.3898907177609769,0.14288961480662593,0.36276346257111375,0.14288961480662593,0.36276346257111375
2_242,1,Ridicule,Neutral,Are you still enjoying your nap?,0.8619652390480042,0.7875940799713135,0.6757083067287423,0.5863451060833832,0.27421304551010506,0.18625693231926188,0.20124897388793028,0.18625693231926188,0.20124897388793028
2_246,1,Ridicule,Excitement,"Well, it will probably slow me down at first. But once I am used to the extra weight, I ll get back on track.",0.7871144413948059,0.7073098421096802,0.6656750045434626,0.47408912905552497,0.262943792131056,0.12143943685134329,0.2332207130541552,0.12143943685134329,0.2332207130541552
2_255,1,Frustration,Neutral,It's a musical Rose,0.6535961627960205,0.8881934881210327,0.7590269866571456,0.5930760300386582,0.313384703974265,-0.10543082386112512,0.29511745808237455,0.10543082386112512,0.29511745808237455
2_264,0,Fear,Fear,Okay?,0.3488037586212158,0.4472099542617798,0.5533163109135425,0.43766179945862355,0.20473532012153323,-0.20451255229232668,0.009548154803156239,0.20451255229232668,0.009548154803156239
2_267,0,Surprise,Surprise,Really!?,0.6215567588806152,0.8111411333084106,0.5518912551982769,0.6109338836252627,0.2119816624828767,0.06966550368233837,0.20020724968314796,0.06966550368233837,0.20020724968314796
2_271,1,Ridicule,Surprise,Sarcasm? Noo.,0.4797244369983673,0.5807887315750122,0.42290215349984517,0.43068573757422624,0.16049822650106266,0.05682228349852214,0.15010299400078597,0.05682228349852214,0.15010299400078597
2_278,0,Happiness,Happiness,: Yeah.,0.7061890363693237,0.7822185754776001,0.528375884197871,0.37006836794338605,0.4488711515074721,0.17781315217145277,0.41215020753421405,0.17781315217145277,0.41215020753421405
2_279,1,Ridicule,Excitement,Sounds like she has got the whole package!,0.7648140788078308,0.7340326309204102,0.5176864364661726,0.37011105053656623,0.43989883868728397,0.24712764234165818,0.3639215803838439,0.24712764234165818,0.3639215803838439
2_281,1,Frustration,Happiness,"Ofcourse no Ma, I am referring to Carrey Grant, he is living in the broom closet.",0.5885426998138428,0.6909192204475403,0.4673449407201241,0.39752262515324294,0.31744363112153434,0.12119775909371866,0.29339659529429735,0.12119775909371866,0.29339659529429735
2_286,1,Ridicule,Neutral,"And sometimes I would want you to steal third, and I'll go like this.",0.8341959714889526,0.7275987863540649,0.5734799238144949,0.45429742466055584,0.37771218118895294,0.2607160476744578,0.2733013616935091,0.2607160476744578,0.2733013616935091
2_288,1,Ridicule,Neutral,Maybe he was nervous.,0.7245305180549622,0.7627415657043457,0.45714786384087797,0.46202431650041165,0.40239824520411305,0.2673826542140842,0.30071724920393406,0.2673826542140842,0.30071724920393406
2_292,1,Frustration,Neutral,"No, she is going to sit here where itÕs a 112 degrees and eat enchiladas.",0.700059175491333,0.7353445887565613,0.4625160653164397,0.3923576756051713,0.4172130771975881,0.23754311017489332,0.34298691315138996,0.23754311017489332,0.34298691315138996
2_297,1,Ridicule,Sadness,"I am sorry, it was a one time thing. I was very drunk and it was someone else's subconscious",0.6364496350288391,0.666721761226654,0.2505300870902808,0.430249430994987,0.4526069602274095,0.3859195479385583,0.23647233023166703,0.3859195479385583,0.23647233023166703
2_3,1,Ridicule,Neutral,And I think my testicles may be in here too,0.8521171808242798,0.797273576259613,0.5080300645570461,0.38649514376289573,0.5358496656577859,0.34408711626723365,0.4107784324967173,0.34408711626723365,0.4107784324967173
2_305,0,Fear,Fear,Take a couple deep breaths.,0.5228156447410583,0.5853477120399475,0.50213288960467,0.36825303957688,0.21807767692241764,0.020682755136388398,0.21709467246306752,0.020682755136388398,0.21709467246306752
2_310,1,Sadness,Happiness,Well thank God your livelihood doesn't depend on it.,0.7556235790252686,0.6605220437049866,0.7454946947068609,0.4673700845761829,0.19341735602791887,0.010128884318407638,0.19315195912880367,0.010128884318407638,0.19315195912880367
2_312,1,Ridicule,Surprise,Sarcasm? At a sarcasmoholics meeting?,0.49471208453178406,0.6990966796875,0.5096304804129422,0.46730559287736056,0.23227067498996198,-0.014918395881158175,0.23179108681013944,0.014918395881158175,0.23179108681013944
2_316,0,Sadness,Happiness,"Yeah, I'm fine.",0.8762826919555664,0.7193408012390137,0.7140032797999207,0.4539419630855606,0.31108061801209136,0.16227941215564567,0.26539883815345305,0.16227941215564567,0.26539883815345305
2_319,0,Sadness,Sadness,No.,0.13539056479930878,0.18450641632080078,0.48338635373518996,0.37231889180241257,0.3954422777898658,-0.3479957889358812,-0.18781247548161178,0.3479957889358812,0.18781247548161178
2_34,1,Sadness,Neutral,Is it me or the greetings gone downhill around here?,0.7551097869873047,0.823879599571228,0.49416160378714613,0.5149113388570886,0.40441975773221556,0.26094818320015856,0.3089682607141394,0.26094818320015856,0.3089682607141394
2_342,1,Frustration,Neutral,"In what Blanche, dog years?",0.8616442680358887,0.8449258208274841,0.5198030206286459,0.46688566566610706,0.5096761690950223,0.34184124740724275,0.37804015516137707,0.34184124740724275,0.37804015516137707
2_344,1,Anger,Neutral,A hand puppet Rose.,0.8782932758331299,0.8931146860122681,0.5011625784947611,0.3631656416858583,0.6504410445669918,0.3771306973383688,0.5299490443264098,0.3771306973383688,0.5299490443264098
2_350,1,Frustration,Sadness,"No Rose, I am nervous because Sonny Bono gets elected mayor of Palm Springs, he is gonna make all the postmens wear leather bell bottoms and a fur vest.",0.7005035281181335,0.681725263595581,0.37206678451890696,0.6399055224278062,0.3310884856007587,0.3284367435992266,0.04181974116777487,0.3284367435992266,0.04181974116777487
2_352,1,Frustration,Neutral,"No Rose, it stands alone.",0.6121299266815186,0.6220008730888367,0.4466457032110657,0.39700156964994643,0.2793021925542379,0.16548422347045283,0.22499930343889024,0.16548422347045283,0.22499930343889024
2_356,0,Happiness,Happiness,Yeah.,0.5711872577667236,0.6298177242279053,0.6010305377978362,0.4025848816039399,0.229184175129923,-0.029843280031112585,0.22723284262396537,0.029843280031112585,0.22723284262396537
2_361,1,Ridicule,Sadness,Nooo,0.31941643357276917,0.5473791360855103,0.3558590663172578,0.4537715180795957,0.1004512400624845,-0.03644263274448861,0.09360761800591455,0.03644263274448861,0.09360761800591455
2_367,0,Neutral,Neutral,"Well, don't  'cha wanna?",0.4465099573135376,0.46300575137138367,0.5062910539733814,0.4626305406821354,0.0597822741363601,-0.05978109665984377,0.00037521068924828427,0.05978109665984377,0.00037521068924828427
2_369,1,Anger,Happiness,"I just have to do one thing, really quickly, its not a big thing  ...  GET UP||",0.7800338268280029,0.8081867694854736,0.6073937464336828,0.42374434343200207,0.42142683387325525,0.1726400803943201,0.38444242605347156,0.1726400803943201,0.38444242605347156
2_371,0,Sadness,Sadness,I-I'm really sorry. It's just that I,0.20551154017448425,0.5144904851913452,0.24163729322640207,0.42313075822936314,0.09824291192822036,-0.036125753051917814,0.09135972696198208,0.036125753051917814,0.09135972696198208
2_372,1,Frustration,Happiness,Actually I yesterday I was smoking again. Today I am smoking still.,0.6808638572692871,0.7367559671401978,0.5579948567372336,0.41806098339820397,0.3415600737118662,0.12286900053205352,0.3186949837419938,0.12286900053205352,0.3186949837419938
2_373,1,Ridicule,Neutral,I was making a coconut phone with a professor.,0.7136720418930054,0.6423576474189758,0.5049701576240686,0.3644230775542283,0.34756884443705094,0.20870188426893677,0.2779345698647475,0.20870188426893677,0.2779345698647475
2_376,1,Disgust,Frustration,Me? I am gonna die alone!,0.7958090901374817,0.8815581798553467,0.23124331202894577,0.3814530727402039,0.7542145821806584,0.5645657781085359,0.5001051071151428,0.5645657781085359,0.5001051071151428
2_378,1,Frustration,Excitement,"No Blanche, with a venus fly trap",0.7004039287567139,0.8073821067810059,0.49341286355136865,0.36587725836212953,0.48761853148974804,0.20699106520534521,0.44150484841887633,0.20699106520534521,0.44150484841887633
2_381,1,Anger,Sadness,Noo..,0.5374425649642944,0.7041328549385071,0.427469742750418,0.4096638062501603,0.31433428425977467,0.10997282221387644,0.2944690486883468,0.10997282221387644,0.2944690486883468
2_39,1,Anger,Happiness,"Oh hurry up, I want to sign that.",0.7585271596908569,0.8278244733810425,0.5927297085418701,0.5105571368034232,0.3579767557629364,0.1657974511489868,0.3172673365776193,0.1657974511489868,0.3172673365776193
2_390,1,Frustration,Sadness,"No, I am depressed becaues Phillis George left the morning news.",0.514142632484436,0.817823052406311,0.2320396597669038,0.3792440051894273,0.5214725955155634,0.28210297271753226,0.43857904721688373,0.28210297271753226,0.43857904721688373
2_397,0,Happiness,Happiness,You still love me?,0.5715935826301575,0.5295455455780029,0.7406333240526205,0.5376808839933834,0.1692353920174676,-0.16903974142246303,-0.0081353384153805,0.16903974142246303,0.0081353384153805
2_398,1,Anger,Neutral,"Rose, you should sit here and watch her hack herself to death",0.822216272354126,0.7866082191467285,0.46787223394922944,0.39469154081603747,0.5283544078616673,0.35434403840489653,0.39191667833069105,0.35434403840489653,0.39191667833069105
2_406,1,Anger,Surprise,For what? For letting you throw me out of your office?,0.3828911781311035,0.5490753650665283,0.47979524253281797,0.4744572208564571,0.12230398661910662,-0.09690406440171445,0.07461814421007124,0.09690406440171445,0.07461814421007124
2_410,1,Sadness,Happiness,If you wanna put a label on it.,0.7571098804473877,0.7193349599838257,0.49721612652796265,0.36505823561293854,0.4393822490238951,0.25989375391942504,0.35427672437088714,0.25989375391942504,0.35427672437088714
2_416,1,Ridicule,Neutral,Were you so late because you were burying this woman?,0.5927177667617798,0.6579316854476929,0.5166766196280512,0.4958041604019498,0.17907425955416206,0.07604114713372856,0.16212752504574307,0.07604114713372856,0.16212752504574307
2_433,1,Frustration,Excitement,I was saying the actual words,0.859400749206543,0.7077399492263794,0.5183239716090409,0.37719512619157497,0.4749665759307765,0.3410767775975021,0.3305448230348044,0.3410767775975021,0.3305448230348044
2_438,1,Ridicule,Neutral,Really? Struck down in the prime of life.,0.9140194654464722,0.8398385047912598,0.6325003081645516,0.6036771648192542,0.3674577722869608,0.28151915728192056,0.2361613399720056,0.28151915728192056,0.2361613399720056
2_440,1,Anger,Neutral,"No its not big, not at all. Kind of the same lines as, I don't know, having a third nipple!",0.7407623529434204,0.840339720249176,0.34325426440815004,0.4842651126651986,0.5336682552082781,0.39750808853527037,0.3560746075839774,0.39750808853527037,0.3560746075839774
2_442,1,Sadness,Neutral,No itÕs the rose in the kitchen thing.,0.7644776701927185,0.7570117712020874,0.44938208022939197,0.39747587330896184,0.4780703846591554,0.31509558996332654,0.35953589789312557,0.31509558996332654,0.35953589789312557
2_445,0,Neutral,Neutral,Okay?,0.5306797027587891,0.7346006631851196,0.5533163109135425,0.43766179945862355,0.29780044462682465,-0.022636608154753435,0.2969388637264961,0.022636608154753435,0.2969388637264961
2_446,0,Happiness,Happiness,"I'd love to show ya, but I just tucked her in.",0.6232445240020752,0.5397942066192627,0.836351294831578,0.552852438381227,0.21350647107319112,-0.2131067708295028,-0.0130582317619643,0.2131067708295028,0.0130582317619643
2_45,1,Anger,Neutral,"Oh ma no, it was a little girl selling girl scout toilets.",0.7356318235397339,0.7927675843238831,0.4858497779229117,0.5602482247198896,0.3412569748784272,0.2497820456168222,0.2325193596039935,0.2497820456168222,0.2325193596039935
2_450,1,Ridicule,Sadness,If only there was something in your head to control the things you say.,0.6221863031387329,0.7548401951789856,0.49382708351429816,0.376215108520975,0.39979125241728325,0.12835921962443475,0.3786250866580106,0.12835921962443475,0.3786250866580106
2_456,1,Anger,Surprise,And you are gonna make them all disappear.,0.5809418559074402,0.757656455039978,0.47201885946892197,0.3902958132024295,0.3831684490200636,0.10892299643851822,0.3673606418375485,0.10892299643851822,0.3673606418375485
2_461,1,Ridicule,Surprise,"Wow you look just like your son, Mrs. Tribbiani",0.841234564781189,0.7821686267852783,0.671459704544057,0.6553080603471669,0.21193656240850978,0.16977486023713195,0.1268605664381114,0.16977486023713195,0.1268605664381114
2_462,1,Frustration,Neutral,"No Rose, at a pie eating contest.",0.8499590158462524,0.8913537263870239,0.48707050061778107,0.37038343029157295,0.6349000896979826,0.3628885152284714,0.520970296095451,0.3628885152284714,0.520970296095451
2_464,1,Ridicule,Neutral,"Oh, uh, no thanks. I just had an M&M.",0.6770955324172974,0.5436310768127441,0.43384572847016273,0.4724927853243982,0.2534385993415374,0.24324980394713464,0.07113829148834594,0.24324980394713464,0.07113829148834594
2_465,1,Ridicule,Neutral,"No Rose, that you should do.",0.6531369686126709,0.7240223288536072,0.5164449205725472,0.38490450820996847,0.36563043127657546,0.1366920480401237,0.3391178206436387,0.1366920480401237,0.3391178206436387
2_467,0,Frustration,Frustration,That is the coast guard!,0.5005292296409607,0.495914489030838,0.5064964555218584,0.36401298846913194,0.1320364102630157,-0.0059672258808977086,0.13190150056170608,0.0059672258808977086,0.13190150056170608
2_471,1,Sadness,Happiness,Amazing.,0.7159336805343628,0.5565227270126343,0.776903264257978,0.5625749817139464,0.06126924127488828,-0.06096958372361516,-0.006052254701312099,0.06096958372361516,0.006052254701312099
2_474,1,Frustration,Happiness,Lovely,0.9108946919441223,0.5770531892776489,0.8640325134897296,0.5461476598410602,0.05613568846328686,0.04686217845439267,0.030905529436588752,0.04686217845439267,0.030905529436588752
2_479,1,Frustration,Sadness,No I am worried she might be Phir Resuda's,0.583844780921936,0.7247602939605713,0.3405480471706495,0.6515154408542624,0.2540828785270845,0.24329673375128652,0.0732448531063089,0.24329673375128652,0.0732448531063089
2_481,0,Neutral,Neutral,All right.,0.595924973487854,0.5365722179412842,0.6867168402334379,0.4364252936408858,0.13517606856976422,-0.09079186674558393,0.1001469243003984,0.09079186674558393,0.1001469243003984
2_485,1,Ridicule,Neutral,You got off to a really good start with the group.,1.0202784538269043,0.7751191258430481,0.7630547329893703,0.5215618712569575,0.3611859962882575,0.257223720837534,0.2535572545860906,0.257223720837534,0.2535572545860906
2_49,0,Neutral,Neutral,We got a box.,0.8288763761520386,0.8235607147216797,0.5186516995267071,0.3793185128442009,0.5418399061680877,0.3102246766253315,0.4442422018774788,0.3102246766253315,0.4442422018774788
2_492,1,Ridicule,Sadness,"I'm sorry Sophia, but in Dorothy's defence, it sure sounds a lot like her.",0.41972923278808594,0.7437278628349304,0.30573175939423536,0.4307795640375501,0.33306465087180315,0.11399747339385058,0.31294829879738034,0.11399747339385058,0.31294829879738034
2_494,1,Ridicule,Neutral,But younger than some buildings!,0.8495014905929565,0.814569354057312,0.5061684649752837,0.3667012004908204,0.5643256590470117,0.34333302561767287,0.4478681535664916,0.34333302561767287,0.4478681535664916
2_498,1,Anger,Neutral,"Uh, so how many cameras are actually on you.",0.9610787630081177,0.8923072814941406,0.522031262311823,0.45534790239121553,0.6194321648523563,0.4390475006962947,0.4369593791029251,0.4390475006962947,0.4369593791029251
2_499,0,Neutral,Neutral,The end.,0.8220178484916687,0.7639138698577881,0.4949792345401962,0.3629298059760346,0.5174383774928435,0.3270386139514725,0.4009840638817535,0.3270386139514725,0.4009840638817535
2_502,1,Ridicule,Sadness,I'm worried about whether Michael Jackson will be able to buy the remains of the elephant man.,0.6834868788719177,0.7488644123077393,0.3667109953682897,0.6304032527015307,0.33820113350601255,0.316775883503628,0.11846115960620851,0.316775883503628,0.11846115960620851
2_505,1,Anger,Neutral,To feed the cat Rose.,0.4889664947986603,0.9735370874404907,0.497775842881542,0.36453138265452456,0.6090694156461123,-0.008809348082881696,0.6090057047859662,0.008809348082881696,0.6090057047859662
2_507,1,Frustration,Neutral,"No, I haven't taken her out of the trunk of the car yet.",0.6274677515029907,0.7012791633605957,0.377526996428491,0.4387731018715879,0.36246353384262225,0.2499407550744997,0.2625060614890078,0.2499407550744997,0.2625060614890078
2_512,1,Anger,Excitement,Because it wears a little sunbrella Rose.,0.5953195095062256,0.8801297545433044,0.5035146756742495,0.3627649259799551,0.5254469462745983,0.09180483383197613,0.5173648285633494,0.09180483383197613,0.5173648285633494
2_517,0,Neutral,Neutral,Yeah?,0.5454925894737244,0.6103136539459229,0.5193428637739781,0.46538049613687926,0.1472733118615627,0.026149725699746273,0.1449331578090436,0.026149725699746273,0.1449331578090436
2_518,1,Frustration,Happiness,Oh tons. I am quite the woodsman.,0.8769708871841431,0.8322917222976685,0.749171255679405,0.5444530564492964,0.31493466524045527,0.12779963150473805,0.28783866584837203,0.12779963150473805,0.28783866584837203
2_521,0,Disgust,Disgust,Uh-huh!,0.4946775734424591,0.6121679544448853,0.5202766665653016,0.3863946548848622,0.22721992950208367,-0.025599093122842476,0.22577329956002307,0.025599093122842476,0.22577329956002307
2_522,0,Fear,Fear,Yes it is.,0.3066697418689728,0.589701771736145,0.6763731663806221,0.487865648304449,0.3834725780694577,-0.3697034245116493,0.10183612343169601,0.3697034245116493,0.10183612343169601
2_527,1,Ridicule,Surprise,We thought you were just here for the company. He is a sarcasmoholic Stewart.,0.3908567726612091,0.6871273517608643,0.5057697978725824,0.380603890754246,0.32735551852795386,-0.11491302521137325,0.30652346100661826,0.11491302521137325,0.30652346100661826
2_534,0,Excitement,Excitement,"Oh, come on!",0.5760021209716797,0.9528552293777466,0.5392508805683315,0.4083994398659183,0.5456947502075982,0.036751240403348207,0.5444557895118283,0.036751240403348207,0.5444557895118283
2_536,0,Disgust,Disgust,What a baby.,0.5654152631759644,0.4767284691333771,0.5361539737159063,0.45972063594379414,0.033845080154580535,0.029261289460058015,0.017007833189582933,0.029261289460058015,0.017007833189582933
2_540,0,Neutral,Neutral,Okay?,0.5691752433776855,0.5880554914474487,0.5533163109135425,0.43766179945862355,0.15122753826248667,0.01585893246414305,0.15039369198882518,0.01585893246414305,0.15039369198882518
2_546,1,Ridicule,Neutral,"Oh sure, she was probably up all night excited about the party she knows is happening.",0.8379050493240356,0.7378177046775818,0.7731278452791989,0.6903288532930987,0.08031984293861599,0.06477720404483678,0.04748885138448311,0.06477720404483678,0.04748885138448311
2_549,0,Disgust,Disgust,Really?,0.4313810169696808,0.7231659889221191,0.543997805765482,0.5434309197321734,0.21210194769353882,-0.11261678879580117,0.17973506918994575,0.11261678879580117,0.17973506918994575
2_552,0,Excitement,Excitement,DANGER,0.45436611771583557,0.933387279510498,0.5004038669264088,0.3661351330497399,0.5691172743966862,-0.04603774921057324,0.5672521464607582,0.04603774921057324,0.5672521464607582
2_553,0,Sadness,Sadness,"No just, nobody press on my stomach.",0.33114612102508545,0.5095643997192383,0.49811629140402514,0.3645083327748642,0.2211793397985962,-0.1669701703789397,0.14505606694437406,0.1669701703789397,0.14505606694437406
2_556,1,Frustration,Neutral,"Joey if I go first, I want to be looking for my keys",0.7975409030914307,0.7597708702087402,0.5538362422498408,0.4438597599191438,0.39898846013427497,0.24370466084158982,0.31591111028959645,0.24370466084158982,0.31591111028959645
2_558,1,Anger,Excitement,I can see it from right here. It'll cost you one husband.,0.5727909207344055,0.8041774034500122,0.5297284134396447,0.373065736606709,0.4332570239741331,0.0430625072947608,0.4311116668433032,0.0430625072947608,0.4311116668433032
2_569,0,Neutral,Neutral,Chandler?,0.7083470821380615,0.6785789728164673,0.5131513695367569,0.41148242937651885,0.33082008665662876,0.19519571260130464,0.26709654343994843,0.19519571260130464,0.26709654343994843
2_570,0,Disgust,Disgust,"Oh my god, where are all the men?",0.7919315099716187,0.9585390090942383,0.5508828507928392,0.606885429751372,0.42633871036599164,0.2410486591787795,0.35165357934286623,0.2410486591787795,0.35165357934286623
2_574,0,Frustration,Frustration,You can't do anything.,0.7624173760414124,0.8939766883850098,0.3511226623281416,0.4813908509180769,0.5825722399898331,0.41129471371327075,0.4125858374669329,0.41129471371327075,0.4125858374669329
2_579,0,Disgust,Disgust,No!,0.45928457379341125,0.8601130247116089,0.3402554548177683,0.46526847588234105,0.41239562182970113,0.11902911897564294,0.39484454882926784,0.11902911897564294,0.39484454882926784
2_58,0,Happiness,Happiness,Why?,0.4652270972728729,0.541096568107605,0.4990708146321977,0.4863171899110739,0.06439081829186863,-0.03384371735932479,0.05477937819653106,0.03384371735932479,0.05477937819653106
2_581,1,Frustration,Neutral,"We were wondering what was taking so long with the gift, but now we understand you were doing this.",0.8022046089172363,0.7910032868385315,0.5702293848953914,0.6764114661128606,0.25873498011905816,0.2319752240218449,0.11459182072567087,0.2319752240218449,0.11459182072567087
2_589,1,Anger,Neutral,Well why don't you check in one of my saddle bags while I chew on a bale of hay.,0.598991870880127,0.801852822303772,0.5040321078469214,0.41567937254763354,0.39767736909695944,0.09495976303320552,0.38617344975613843,0.09495976303320552,0.38617344975613843
2_590,0,Neutral,Neutral,"Yeah, I don't think so Joe.",0.29639217257499695,0.40634506940841675,0.3637928509843184,0.46915723404161014,0.09213153355905979,-0.06740067840932146,-0.06281216463319339,0.06740067840932146,0.06281216463319339
2_591,0,Anger,Anger,"How about stopping by new years eve with three naked women, throwing up in the pool, passing out in the punch bowl, and relieving yourself in the linen closet?",0.5324112772941589,0.7297635078430176,0.5494159884340524,0.46098962454303916,0.2693112707353735,-0.017004711139893436,0.2687738832999784,0.017004711139893436,0.2687738832999784
2_595,0,Neutral,Neutral,I'd miss you if I broke up with you. Just trying to be supportive.,0.43159136176109314,0.6178128719329834,0.5840612370093806,0.42472225932854224,0.24603058251808194,-0.15246987524828748,0.19309061260444116,0.15246987524828748,0.19309061260444116
2_596,1,Ridicule,Neutral,Noooo. Really?,0.5049852728843689,0.7180534601211548,0.4054334589924868,0.5196961107907259,0.22193738234591698,0.09955181389188211,0.19835734933042892,0.09955181389188211,0.19835734933042892
2_598,1,Ridicule,Neutral,"Our balcony? Seriously? That's so funny because I told Monica we should put lights on our balcony. - And she said - ""No no, its too cold, nobody will go out there.""  - I said ""Maybe if we put some lights out there they will"".",0.706337571144104,0.6954621076583862,0.7950623783763672,0.669084967575615,0.0925626541178914,-0.08872480723226317,0.026377140082771255,0.08872480723226317,0.026377140082771255
2_599,1,Anger,Neutral,No I am upset because crocodin turbs are wearing darker colors.,0.41884154081344604,0.6884225606918335,0.22977955610718448,0.39939938564800637,0.34536767331857426,0.18906198470626157,0.28902317504382713,0.18906198470626157,0.28902317504382713
2_602,0,Surprise,Surprise,No way!,0.2738208472728729,0.6003047227859497,0.3106463866403416,0.4907170370766316,0.11560960690543527,-0.036825539367468685,0.1095876857093181,0.036825539367468685,0.1095876857093181
2_604,1,Frustration,Neutral,"No Rose, I am developing pictures from the magellan space probe",0.8363638520240784,0.7613824605941772,0.4814500403738141,0.37835786651120873,0.5221797136738865,0.35491381165026425,0.3830245940829685,0.35491381165026425,0.3830245940829685
2_608,1,Anger,Happiness,"You are right, by saying nice, I am virtually licking her.",0.5945905447006226,0.6559956073760986,0.7060986759664556,0.46028220074946236,0.22525052912657348,-0.11150813126583303,0.19571340662663628,0.11150813126583303,0.19571340662663628
2_609,0,Neutral,Neutral,I just called a friend of mine.,0.6132906079292297,0.37890365719795227,0.5141186660463356,0.3716847424435015,0.09943433404541993,0.09917194188289413,0.007218914754450745,0.09917194188289413,0.007218914754450745
2_612,1,Disgust,Sadness,"I don't know Rose, maybe Marry Poppins has an Italian cousin.",0.5675364136695862,0.5504394769668579,0.4284154083268182,0.5093611647917116,0.14505889100203842,0.139121005342768,0.04107831217514635,0.139121005342768,0.04107831217514635
2_617,1,Ridicule,Surprise,And protected them from a tornado?,0.7041904330253601,0.6698776483535767,0.5137162541168352,0.4704113504156322,0.27580285865803783,0.19047417890852492,0.19946629793794446,0.19047417890852492,0.19946629793794446
2_622,1,Anger,Excitement,"Pheebs, you may know this, you know strange things. What is the boiling point of brain?",0.7359204292297363,0.6984893083572388,0.5403697016049476,0.5117752420440196,0.27037423995972976,0.19555072762478876,0.18671406631321918,0.19555072762478876,0.18671406631321918
2_623,1,Disgust,Happiness,What do you know? Its a treat for the eyes and the ears.,0.8555933237075806,0.7657139301300049,0.5504193446223158,0.46924810209772977,0.42546814769333335,0.3051739790852648,0.2964658280322751,0.3051739790852648,0.2964658280322751
2_627,0,Neutral,Neutral,"Whoa, whoa, whoa.",0.22675499320030212,0.7796723246574402,0.6098754927181698,0.5191455426446957,0.46330931492550037,-0.38312049951786764,0.2605267820127445,0.38312049951786764,0.2605267820127445
2_7,0,Happiness,Happiness,I've never loved anybody as much as I love you.,0.5889102220535278,0.5099216103553772,0.8577137198694695,0.5493952484230058,0.2716863790114976,-0.2688034978159417,-0.0394736380676286,0.2688034978159417,0.0394736380676286
2_71,1,Ridicule,Excitement,"ThatÕs good, just keep rubbing your head. That will turn back time",0.8139430284500122,0.7430655360221863,0.7469750704570157,0.4857085044283373,0.26592733802403457,0.06696795799299649,0.257357031593849,0.06696795799299649,0.257357031593849
2_74,1,Ridicule,Excitement,Show them your slides of Hawaii,0.8008184432983398,0.7294083833694458,0.49682547568809315,0.36614526593336105,0.47367902301650133,0.3039929676102467,0.36326311743608475,0.3039929676102467,0.36326311743608475
2_84,1,Disgust,Happiness,"If that doesn't keep kids in school, what will?",0.6581839323043823,0.7185240387916565,0.4914528592649129,0.5064388836509803,0.26977650703487427,0.16673107303946944,0.21208515514067616,0.16673107303946944,0.21208515514067616
2_89,1,Anger,Neutral,On the home shopping network,0.7376453876495361,0.7457453012466431,0.5003821136886188,0.36324562687374207,0.4501109441749096,0.2372632739609173,0.382499674372901,0.2372632739609173,0.382499674372901
2_9,1,Anger,Happiness,"No Rose, go to the corner and open a stand",0.5366371273994446,0.7854964733123779,0.4928111646575404,0.3751977793385083,0.41263268567446026,0.0438259627419042,0.41029869397386964,0.0438259627419042,0.41029869397386964
2_92,1,Frustration,Neutral,"No, no, I am just looking for a man to draw on me with chalk.",0.6642683744430542,0.7593149542808533,0.3541021987338633,0.4545045686088889,0.43487058737922984,0.3101661757091909,0.3048103856719644,0.3101661757091909,0.3048103856719644
2_97,1,Ridicule,Neutral,It would be nice to have a little guarantee though.,0.6441759467124939,0.5040270686149597,0.6454633230045267,0.5375595588500142,0.0335571935519243,-0.0012873762920327936,-0.033532490235054446,0.0012873762920327936,0.033532490235054446
3_S01E01_568,0,Happiness,Happiness,To his beneficence.,0.5689489841461182,0.31680193543434143,0.501594319584619,0.36276651421479833,0.08154381239957391,0.06735466456149919,-0.0459645787804569,0.06735466456149919,0.0459645787804569
3_S01E03_021,0,Neutral,Neutral,Like Jesus over Satan.,0.4260863661766052,0.22359153628349304,0.504366015622183,0.36239014416634957,0.15935104978487435,-0.07827964944557775,-0.13879860788285653,0.07827964944557775,0.13879860788285653
3_S01E03_024,0,Excitement,Excitement,Is it a margarita machine?,0.4885621666908264,0.4215717315673828,0.5180249214701028,0.497858501082138,0.0817785125945756,-0.0294627547792764,-0.07628676951475521,0.0294627547792764,0.07628676951475521
3_S01E03_122,1,Ridicule,Excitement,Your borders are merely a construct. I prefer to think of myself as a citizen of the world.,0.49003785848617554,0.4204573631286621,0.5530867797363281,0.39992802238614183,0.06630701548200195,-0.0630489212501526,0.020529340742520275,0.0630489212501526,0.020529340742520275
3_S01E03_359,0,Anger,Anger,Hey! That is not Cherry Garcia.,0.34854307770729065,0.48932185769081116,0.37112227788144336,0.45108462448782627,0.04440615141536033,-0.022579200174152714,0.03823723320298489,0.022579200174152714,0.03823723320298489
3_S01E04_009,0,Happiness,Happiness,"Oh, yeah. No, she's... She's very pretty.",0.7011592984199524,0.4310672879219055,0.7180929315410522,0.5231415272713771,0.0936184462724296,-0.016933633121099856,-0.09207423934947156,0.016933633121099856,0.09207423934947156
3_S01E04_327,1,Ridicule,Happiness,You catch on slow. You'll fit right in here.,0.3511890470981598,0.2132757604122162,0.6083362744259992,0.4047575527390535,0.32060875427083024,-0.25714722732783946,-0.19148179232683732,0.25714722732783946,0.19148179232683732
3_S01E05_520,1,Disgust,Neutral,"Take your time. There's no rush, Dinesh.",0.2838137447834015,0.2569386959075928,0.5810583438855762,0.3854380518523288,0.3238308758806432,-0.2972445991021747,-0.12849935594473605,0.2972445991021747,0.12849935594473605
3_S01E06_054,0,Frustration,Frustration,"Yes, we are totally fucked.",0.16671006381511688,0.614280104637146,0.22143473318856496,0.6992155331892201,0.10103868794356792,-0.05472466937344808,-0.08493542855207414,0.05472466937344808,0.08493542855207414
3_S01E06_266,1,Ridicule,Neutral,She's attracted to ugliness.,0.3836481273174286,0.419198215007782,0.50914933657619,0.36350879783709045,0.13730209288362188,-0.1255012092587614,0.055689417170691535,0.1255012092587614,0.055689417170691535
3_S02E02_081,1,Anger,Happiness,But the fact that you're so sorry makes it all better.,0.3646204173564911,0.4503639042377472,0.41129259570999116,0.43014982879206454,0.050861587454430396,-0.04667217835350007,0.020214075445682655,0.04667217835350007,0.020214075445682655
3_S02E03_229,0,Anger,Anger,Are you out of your mind?,0.3240804374217987,0.7561337947845459,0.5049740538351677,0.4971848186755722,0.3158750903236799,-0.18089361641336899,0.2589489761089737,0.18089361641336899,0.2589489761089737
3_S02E03_244,1,Ridicule,Neutral,Sounds like ERLICH.,0.533455491065979,0.41830363869667053,0.5181835072310611,0.36841890815952205,0.05217010476334036,0.015271983834917902,0.04988473053714848,0.015271983834917902,0.04988473053714848
3_S02E04_395,0,Neutral,Neutral,"No, we all have equalized pay, remember?",0.5014117360115051,0.3059459924697876,0.5919990654944051,0.4806152748531663,0.19676235023796593,-0.09058732948289994,-0.1746692823833787,0.09058732948289994,0.1746692823833787
3_S02E05_179,0,Excitement,Excitement,We build our own servers.,0.5220873355865479,0.296722412109375,0.5216602023356248,0.36784464902393205,0.07112351950335714,0.00042713325092302856,-0.07112223691455705,0.00042713325092302856,0.07112223691455705
3_S03E01_185,0,Neutral,Neutral,No.,0.14747199416160583,0.19166047871112823,0.48338635373518996,0.37231889180241257,0.38141305587039404,-0.3359143595735841,-0.18065841309128433,0.3359143595735841,0.18065841309128433
3_S03E01_409,0,Disgust,Disgust,That's a bold statement.,0.5269479155540466,0.41339874267578125,0.5166939408889275,0.37560713704679954,0.03915800623690367,0.010253974665119125,0.037791605628981706,0.010253974665119125,0.037791605628981706
3_S03E02_111,1,Disgust,Surprise,"Don't you guys call it ""Rock, Rock, Rock""?",0.6131107807159424,0.6248680353164673,0.515549354074796,0.4582499432562987,0.19307982952661473,0.09756142664114642,0.1666180920601686,0.09756142664114642,0.1666180920601686
3_S03E03_111,0,Happiness,Happiness,"The more meetings I turn down, the more these recruiters send me.",0.43665215373039246,0.3590180575847626,0.4864028779554913,0.3940318459554169,0.06083666605745919,-0.04975072422509885,-0.03501378837065433,0.04975072422509885,0.03501378837065433
3_S03E03_126,1,Disgust,Surprise,"But instead of that, you bought a chain?",0.4437662661075592,0.2340182512998581,0.4987230877610515,0.4798713225298704,0.25192059240856685,-0.054956821653492305,-0.24585307123001232,0.054956821653492305,0.24585307123001232
3_S03E03_316,0,Sadness,Neutral,"Richard, look, I'm sorry, but I think the box is here to stay.",0.36646151542663574,0.41912344098091125,0.31619930570844496,0.43156052944658974,0.051778092812100614,0.05026220971819079,-0.01243708846567848,0.05026220971819079,0.01243708846567848
3_S03E03_511,0,Sadness,Sadness,This plan better fucking work with a sacrifice like this.,0.07448883354663849,0.36330556869506836,0.27563982087239525,0.6640044276073911,0.3617755152761167,-0.20115098732575676,-0.30069885891232273,0.20115098732575676,0.30069885891232273
3_S03E04_437,0,Neutral,Neutral,"Thank you, Jared.",0.5491378307342529,0.2581062912940979,0.7846148367013617,0.45524509303624977,0.30710442440897073,-0.23547700596710874,-0.19713880174215187,0.23547700596710874,0.19713880174215187
3_S04E05_313,1,Ridicule,Neutral,When you have to apologise,0.37952497601509094,0.3853314518928528,0.4658775758104445,0.4114881259684583,0.0902271748982198,-0.08635259979535354,-0.026156674075605513,0.08635259979535354,0.026156674075605513
3_S04E05_320,0,Neutral,Neutral,That was the Iranian Revolutionary Guard.,0.40713003277778625,0.43132132291793823,0.5075799736443904,0.3639080879164129,0.12097410827724733,-0.10044994086660419,0.06741323500152535,0.10044994086660419,0.06741323500152535
3_S04E05_485,0,Surprise,Surprise,Your fourth child?,0.5737139582633972,0.6562048196792603,0.5337011183564225,0.4816207669346136,0.179110632934415,0.040012839906974684,0.17458405274464667,0.040012839906974684,0.17458405274464667
3_S04E06_526,0,Disgust,Disgust,Does it look like I care?,0.18115630745887756,0.2758619785308838,0.5141831800790931,0.5163896533152728,0.41080464971125397,-0.3330268726202156,-0.24052767478438897,0.3330268726202156,0.24052767478438897
3_S04E07_292,1,Ridicule,Neutral,Now I can give it to ERLICH.,0.4929904043674469,0.31172582507133484,0.5205579866912116,0.3670539884304673,0.06181567160415223,-0.02756758232376466,-0.05532816335913249,0.02756758232376466,0.05532816335913249
3_S05E02_072,1,Ridicule,Happiness,Congratulations. You've finally taken your rightful spot amongst the handicapped.,0.5694213509559631,0.433788537979126,0.7930325741559718,0.535515260565838,0.24566299116724516,-0.2236112232000087,-0.101726722586712,0.2236112232000087,0.101726722586712
3_S05E02_532,0,Frustration,Frustration,There better not be a Chinaman in my bed.,0.30828678607940674,0.36216795444488525,0.42969837291604557,0.4055962128218607,0.12894489925486788,-0.12141158683663883,-0.04342825837697545,0.12141158683663883,0.04342825837697545
3_S05E03_098,0,Neutral,Neutral,So do you mind telling us when you feel like you can make it in?,0.6390931606292725,0.4957689046859741,0.5680436334370472,0.5073726555697959,0.07199084906300626,0.07104952719222524,-0.011603750883821817,0.07104952719222524,0.011603750883821817
3_S05E05_119,0,Fear,Fear,I'm worried about robots.,0.2814652621746063,0.3549782633781433,0.36211067135575886,0.6439732649332431,0.3000363193778841,-0.08064540918115254,-0.28899500155509983,0.08064540918115254,0.28899500155509983
3_S05E06_207,0,Neutral,Neutral,I believe we all know who's the better coder anyway.,0.43036577105522156,0.3130429983139038,0.6838119545657587,0.4516720638911391,0.28888230433668705,-0.25344618351053716,-0.1386290655772353,0.25344618351053716,0.1386290655772353
3_S06E01_317,0,Neutral,Neutral,He's our most profitable developer by far.,0.5686162114143372,0.5003265738487244,0.7576116807702089,0.5279022728109299,0.19099661413307945,-0.18899546935587175,-0.027575698962205575,0.18899546935587175,0.027575698962205575
3_S06E01_417,1,Disgust,Neutral,-Almost a human.,0.6841728687286377,0.5543017983436584,0.5034668347378385,0.36387214282896846,0.2625226169687621,0.1807060339907992,0.19042965551469,0.1807060339907992,0.19042965551469
3_S06E01_460,1,Ridicule,Surprise,Do you need the real me for this conversation?,0.5465012788772583,0.3361944556236267,0.5474962278376753,0.48440876009682676,0.1482176439358968,-0.0009949489604169637,-0.14821430447320005,0.0009949489604169637,0.14821430447320005
3_S06E02_398,0,Sadness,Disgust,"Look, we cannot take blood money.",0.21672318875789642,0.6197916269302368,0.3507993726200836,0.4610008421533436,0.2078242921535128,-0.13407618386218717,0.15879078477689323,0.13407618386218717,0.15879078477689323
3_S06E06_143,1,Frustration,Neutral,I thought that was the company policy-these days.,0.4389471709728241,0.34178492426872253,0.5142185456664937,0.4355397837110025,0.12023208189712295,-0.07527137469366962,-0.09375485944227996,0.07527137469366962,0.09375485944227996
3_S06E07_272,1,Ridicule,Surprise,That you're an alcoholic?,0.4284574091434479,0.29631635546684265,0.5090643114811398,0.47143558585459583,0.19278023123774177,-0.08060690233769197,-0.17511923038775318,0.08060690233769197,0.17511923038775318
